"GHIN","handicap_index","course_name","date","tees","course_rating","hole","par","hole_handicap","handicap_stroke","gross","net","OUT","IN","tot_FIR","tot_GIR","tot_putts","tot_chips","tot_penalties","tot_gross","tot_net","is_gross_birdie","is_gross_eagle_better","is_gross_par","is_gross_bogey","is_gross_bogey_worse","is_net_birdie","is_net_eagle_better","is_net_par","is_net_bogey","is_net_bogey_worse","FIR","OUT_FIR","IN_FIR","GIR","OUT_GIR","IN_GIR","putts","OUT_putts","IN_putts","chips","OUT_chips","IN_chips","penalties","OUT_penalties","IN_penalties","tee_club"
"10526424",10.2,"Silverbell",2026-01-18,"white",68.9,1,4,5,0,4,4,42,45,5,6,35,12,0,87,76,0,0,1,0,0,0,0,1,0,0,0,2,3,0,4,2,1,17,18,1,4,8,0,0,0,"4"
"10526424",10.2,"Silverbell",2026-01-18,"white",68.9,2,5,3,0,6,6,42,45,5,6,35,12,0,87,76,0,0,0,1,0,0,0,0,1,0,0,2,3,0,4,2,2,17,18,0,4,8,0,0,0,"D"
"10526424",10.2,"Silverbell",2026-01-18,"white",68.9,3,3,17,-1,4,3,42,45,5,6,35,12,0,87,76,0,0,0,1,0,0,0,1,0,0,0,2,3,0,4,2,1,17,18,1,4,8,0,0,0,"GW"
"10526424",10.2,"Silverbell",2026-01-18,"white",68.9,4,4,9,-1,4,3,42,45,5,6,35,12,0,87,76,0,0,1,0,0,1,0,0,0,0,1,2,3,1,4,2,2,17,18,0,4,8,0,0,0,"D"
"10526424",10.2,"Silverbell",2026-01-18,"white",68.9,5,4,13,-1,6,5,42,45,5,6,35,12,0,87,76,0,0,0,0,1,0,0,0,1,0,1,2,3,0,4,2,2,17,18,2,4,8,0,0,0,"D"
"10526424",10.2,"Silverbell",2026-01-18,"white",68.9,6,3,11,-1,4,3,42,45,5,6,35,12,0,87,76,0,0,0,1,0,0,0,1,0,0,0,2,3,1,4,2,3,17,18,0,4,8,0,0,0,"7"
"10526424",10.2,"Silverbell",2026-01-18,"white",68.9,7,5,1,0,5,5,42,45,5,6,35,12,0,87,76,0,0,1,0,0,0,0,1,0,0,0,2,3,1,4,2,2,17,18,0,4,8,0,0,0,"D"
"10526424",10.2,"Silverbell",2026-01-18,"white",68.9,8,4,7,0,6,6,42,45,5,6,35,12,0,87,76,0,0,0,0,1,0,0,0,0,1,0,2,3,0,4,2,2,17,18,0,4,8,0,0,0,"4"
"10526424",10.2,"Silverbell",2026-01-18,"white",68.9,9,3,15,-1,3,2,42,45,5,6,35,12,0,87,76,0,0,1,0,0,1,0,0,0,0,0,2,3,1,4,2,2,17,18,0,4,8,0,0,0,"8"
"10526424",10.2,"Silverbell",2026-01-18,"white",68.9,10,4,14,-1,5,4,42,45,5,6,35,12,0,87,76,0,0,0,1,0,0,0,1,0,0,1,2,3,1,4,2,3,17,18,0,4,8,0,0,0,"D"
"10526424",10.2,"Silverbell",2026-01-18,"white",68.9,11,4,10,-1,6,5,42,45,5,6,35,12,0,87,76,0,0,0,0,1,0,0,0,1,0,0,2,3,0,4,2,2,17,18,2,4,8,0,0,0,"4"
"10526424",10.2,"Silverbell",2026-01-18,"white",68.9,12,3,18,-1,6,5,42,45,5,6,35,12,0,87,76,0,0,0,0,1,0,0,0,0,1,0,2,3,0,4,2,3,17,18,2,4,8,0,0,0,"9"
"10526424",10.2,"Silverbell",2026-01-18,"white",68.9,13,4,8,-1,5,4,42,45,5,6,35,12,0,87,76,0,0,0,1,0,0,0,1,0,0,0,2,3,0,4,2,2,17,18,1,4,8,0,0,0,"D"
"10526424",10.2,"Silverbell",2026-01-18,"white",68.9,14,4,4,0,5,5,42,45,5,6,35,12,0,87,76,0,0,0,1,0,0,0,0,1,0,1,2,3,1,4,2,3,17,18,0,4,8,0,0,0,"D"
"10526424",10.2,"Silverbell",2026-01-18,"white",68.9,15,4,16,-1,4,3,42,45,5,6,35,12,0,87,76,0,0,1,0,0,1,0,0,0,0,0,2,3,0,4,2,1,17,18,1,4,8,0,0,0,"D"
"10526424",10.2,"Silverbell",2026-01-18,"white",68.9,16,3,12,-1,4,3,42,45,5,6,35,12,0,87,76,0,0,0,1,0,0,0,1,0,0,0,2,3,0,4,2,2,17,18,1,4,8,0,0,0,"5"
"10526424",10.2,"Silverbell",2026-01-18,"white",68.9,17,4,6,0,5,5,42,45,5,6,35,12,0,87,76,0,0,0,1,0,0,0,0,1,0,0,2,3,0,4,2,1,17,18,0,4,8,0,0,0,"4"
"10526424",10.2,"Silverbell",2026-01-18,"white",68.9,18,5,2,0,5,5,42,45,5,6,35,12,0,87,76,0,0,1,0,0,0,0,1,0,0,1,2,3,0,4,2,1,17,18,1,4,8,0,0,0,"D"
"10526424",10.2,"Dell Urich",2026-01-11,"combo",68.5,1,4,9,-1,5,4,43,41,2,6,30,14,0,84,74,0,0,0,1,0,0,0,1,0,0,0,2,0,0,2,4,1,12,18,2,12,2,0,0,0,"4"
"10526424",10.2,"Dell Urich",2026-01-11,"combo",68.5,2,3,5,0,4,4,43,41,2,6,30,14,0,84,74,0,0,0,1,0,0,0,0,1,0,0,2,0,0,2,4,1,12,18,2,12,2,0,0,0,"GW"
"10526424",10.2,"Dell Urich",2026-01-11,"combo",68.5,3,5,13,-1,4,3,43,41,2,6,30,14,0,84,74,1,0,0,0,0,0,1,0,0,0,1,2,0,1,2,4,1,12,18,1,12,2,0,0,0,"D"
"10526424",10.2,"Dell Urich",2026-01-11,"combo",68.5,4,4,17,-1,6,5,43,41,2,6,30,14,0,84,74,0,0,0,0,1,0,0,0,1,0,0,2,0,0,2,4,1,12,18,0,12,2,0,0,0,"4"
"10526424",10.2,"Dell Urich",2026-01-11,"combo",68.5,5,3,11,-1,4,3,43,41,2,6,30,14,0,84,74,0,0,0,1,0,0,0,1,0,0,0,2,0,0,2,4,1,12,18,2,12,2,0,0,0,"9"
"10526424",10.2,"Dell Urich",2026-01-11,"combo",68.5,6,5,15,-1,6,5,43,41,2,6,30,14,0,84,74,0,0,0,1,0,0,0,1,0,0,1,2,0,1,2,4,3,12,18,0,12,2,0,0,0,"D"
"10526424",10.2,"Dell Urich",2026-01-11,"combo",68.5,7,4,1,0,5,5,43,41,2,6,30,14,0,84,74,0,0,0,1,0,0,0,0,1,0,0,2,0,0,2,4,1,12,18,2,12,2,0,0,0,"D"
"10526424",10.2,"Dell Urich",2026-01-11,"combo",68.5,8,4,3,0,5,5,43,41,2,6,30,14,0,84,74,0,0,0,1,0,0,0,0,1,0,0,2,0,0,2,4,2,12,18,1,12,2,0,0,0,"D"
"10526424",10.2,"Dell Urich",2026-01-11,"combo",68.5,9,3,7,0,4,4,43,41,2,6,30,14,0,84,74,0,0,0,1,0,0,0,0,1,0,0,2,0,0,2,4,1,12,18,2,12,2,0,0,0,"8"
"10526424",10.2,"Dell Urich",2026-01-11,"combo",68.5,10,4,10,-1,4,3,43,41,2,6,30,14,0,84,74,0,0,1,0,0,1,0,0,0,0,0,2,0,1,2,4,2,12,18,0,12,2,0,0,0,"D"
"10526424",10.2,"Dell Urich",2026-01-11,"combo",68.5,11,3,16,-1,3,2,43,41,2,6,30,14,0,84,74,0,0,1,0,0,1,0,0,0,0,0,2,0,1,2,4,2,12,18,0,12,2,0,0,0,"9"
"10526424",10.2,"Dell Urich",2026-01-11,"combo",68.5,12,4,6,0,5,5,43,41,2,6,30,14,0,84,74,0,0,0,1,0,0,0,0,1,0,0,2,0,0,2,4,2,12,18,0,12,2,0,0,0,"D"
"10526424",10.2,"Dell Urich",2026-01-11,"combo",68.5,13,5,18,-1,4,3,43,41,2,6,30,14,0,84,74,1,0,0,0,0,0,1,0,0,0,0,2,0,1,2,4,2,12,18,0,12,2,0,0,0,"D"
"10526424",10.2,"Dell Urich",2026-01-11,"combo",68.5,14,4,4,0,5,5,43,41,2,6,30,14,0,84,74,0,0,0,1,0,0,0,0,1,0,0,2,0,0,2,4,1,12,18,1,12,2,0,0,0,"D"
"10526424",10.2,"Dell Urich",2026-01-11,"combo",68.5,15,4,14,-1,6,5,43,41,2,6,30,14,0,84,74,0,0,0,0,1,0,0,0,1,0,0,2,0,0,2,4,3,12,18,0,12,2,0,0,0,"D"
"10526424",10.2,"Dell Urich",2026-01-11,"combo",68.5,16,4,8,0,5,5,43,41,2,6,30,14,0,84,74,0,0,0,1,0,0,0,0,1,0,0,2,0,0,2,4,2,12,18,1,12,2,0,0,0,"4"
"10526424",10.2,"Dell Urich",2026-01-11,"combo",68.5,17,3,12,-1,3,2,43,41,2,6,30,14,0,84,74,0,0,1,0,0,1,0,0,0,0,0,2,0,1,2,4,2,12,18,0,12,2,0,0,0,"9"
"10526424",10.2,"Dell Urich",2026-01-11,"combo",68.5,18,4,2,0,6,6,43,41,2,6,30,14,0,84,74,0,0,0,0,1,0,0,0,0,1,0,2,0,0,2,4,2,12,18,0,12,2,0,0,0,"D"
"10526424",10.2,"Randolph North",2026-01-04,"combo",70.4,1,4,7,0,5,5,40,42,3,6,31,15,0,82,72,0,0,0,1,0,0,0,0,1,0,0,1,2,0,2,4,2,14,17,0,8,7,0,0,0,"4"
"10526424",10.2,"Randolph North",2026-01-04,"combo",70.4,2,4,9,-1,4,3,40,42,3,6,31,15,0,82,72,0,0,1,0,0,1,0,0,0,0,1,1,2,1,2,4,2,14,17,0,8,7,0,0,0,"4"
"10526424",10.2,"Randolph North",2026-01-04,"combo",70.4,3,5,11,-1,5,4,40,42,3,6,31,15,0,82,72,0,0,1,0,0,1,0,0,0,0,0,1,2,0,2,4,1,14,17,1,8,7,0,0,0,"D"
"10526424",10.2,"Randolph North",2026-01-04,"combo",70.4,4,4,1,0,5,5,40,42,3,6,31,15,0,82,72,0,0,0,1,0,0,0,0,1,0,0,1,2,0,2,4,2,14,17,1,8,7,0,0,0,"D"
"10526424",10.2,"Randolph North",2026-01-04,"combo",70.4,5,4,3,0,4,4,40,42,3,6,31,15,0,82,72,0,0,1,0,0,0,0,1,0,0,0,1,2,0,2,4,1,14,17,1,8,7,0,0,0,"D"
"10526424",10.2,"Randolph North",2026-01-04,"combo",70.4,6,3,13,-1,4,3,40,42,3,6,31,15,0,82,72,0,0,0,1,0,0,0,1,0,0,0,1,2,1,2,4,3,14,17,0,8,7,0,0,0,"9"
"10526424",10.2,"Randolph North",2026-01-04,"combo",70.4,7,4,15,-1,5,4,40,42,3,6,31,15,0,82,72,0,0,0,1,0,0,0,1,0,0,0,1,2,0,2,4,1,14,17,2,8,7,0,0,0,"D"
"10526424",10.2,"Randolph North",2026-01-04,"combo",70.4,8,3,5,0,3,3,40,42,3,6,31,15,0,82,72,0,0,1,0,0,0,0,1,0,0,0,1,2,0,2,4,1,14,17,1,8,7,0,0,0,"7"
"10526424",10.2,"Randolph North",2026-01-04,"combo",70.4,9,5,17,-1,5,4,40,42,3,6,31,15,0,82,72,0,0,1,0,0,1,0,0,0,0,0,1,2,0,2,4,1,14,17,2,8,7,0,0,0,"D"
"10526424",10.2,"Randolph North",2026-01-04,"combo",70.4,10,4,2,0,5,5,40,42,3,6,31,15,0,82,72,0,0,0,1,0,0,0,0,1,0,0,1,2,0,2,4,2,14,17,0,8,7,0,0,0,"D"
"10526424",10.2,"Randolph North",2026-01-04,"combo",70.4,11,3,14,-1,4,3,40,42,3,6,31,15,0,82,72,0,0,0,1,0,0,0,1,0,0,0,1,2,0,2,4,1,14,17,2,8,7,0,0,0,"7"
"10526424",10.2,"Randolph North",2026-01-04,"combo",70.4,12,4,10,-1,6,5,40,42,3,6,31,15,0,82,72,0,0,0,0,1,0,0,0,1,0,0,1,2,0,2,4,3,14,17,1,8,7,0,0,0,"D"
"10526424",10.2,"Randolph North",2026-01-04,"combo",70.4,13,5,16,-1,5,4,40,42,3,6,31,15,0,82,72,0,0,1,0,0,1,0,0,0,0,1,1,2,1,2,4,3,14,17,0,8,7,0,0,0,"D"
"10526424",10.2,"Randolph North",2026-01-04,"combo",70.4,14,4,8,0,4,4,40,42,3,6,31,15,0,82,72,0,0,1,0,0,0,0,1,0,0,0,1,2,0,2,4,1,14,17,1,8,7,0,0,0,"D"
"10526424",10.2,"Randolph North",2026-01-04,"combo",70.4,15,3,6,0,3,3,40,42,3,6,31,15,0,82,72,0,0,1,0,0,0,0,1,0,0,0,1,2,1,2,4,2,14,17,0,8,7,0,0,0,"7"
"10526424",10.2,"Randolph North",2026-01-04,"combo",70.4,16,5,18,-1,5,4,40,42,3,6,31,15,0,82,72,0,0,1,0,0,1,0,0,0,0,0,1,2,1,2,4,2,14,17,1,8,7,0,0,0,"D"
"10526424",10.2,"Randolph North",2026-01-04,"combo",70.4,17,4,12,-1,6,5,40,42,3,6,31,15,0,82,72,0,0,0,0,1,0,0,0,1,0,0,1,2,0,2,4,1,14,17,2,8,7,0,0,0,"D"
"10526424",10.2,"Randolph North",2026-01-04,"combo",70.4,18,4,4,0,4,4,40,42,3,6,31,15,0,82,72,0,0,1,0,0,0,0,1,0,0,1,1,2,1,2,4,2,14,17,0,8,7,0,0,0,"4"
"10526424",10.4,"Silverbell",2025-12-21,"white",68.9,1,4,5,0,5,5,41,42,8,7,34,10,0,83,72,0,0,0,1,0,0,0,0,1,0,1,5,3,0,5,2,2,19,15,1,3,7,0,0,0,"D"
"10526424",10.4,"Silverbell",2025-12-21,"white",68.9,2,5,3,0,6,6,41,42,8,7,34,10,0,83,72,0,0,0,1,0,0,0,0,1,0,1,5,3,0,5,2,2,19,15,0,3,7,0,0,0,"D"
"10526424",10.4,"Silverbell",2025-12-21,"white",68.9,3,3,17,-1,3,2,41,42,8,7,34,10,0,83,72,0,0,1,0,0,1,0,0,0,0,0,5,3,1,5,2,2,19,15,0,3,7,0,0,0,"GW"
"10526424",10.4,"Silverbell",2025-12-21,"white",68.9,4,4,9,-1,5,4,41,42,8,7,34,10,0,83,72,0,0,0,1,0,0,0,1,0,0,1,5,3,0,5,2,1,19,15,1,3,7,0,0,0,"D"
"10526424",10.4,"Silverbell",2025-12-21,"white",68.9,5,4,13,-1,5,4,41,42,8,7,34,10,0,83,72,0,0,0,1,0,0,0,1,0,0,1,5,3,1,5,2,3,19,15,0,3,7,0,0,0,"D"
"10526424",10.4,"Silverbell",2025-12-21,"white",68.9,6,3,11,-1,3,2,41,42,8,7,34,10,0,83,72,0,0,1,0,0,1,0,0,0,0,0,5,3,1,5,2,2,19,15,0,3,7,0,0,0,"8"
"10526424",10.4,"Silverbell",2025-12-21,"white",68.9,7,5,1,0,6,6,41,42,8,7,34,10,0,83,72,0,0,0,1,0,0,0,0,1,0,0,5,3,0,5,2,2,19,15,1,3,7,0,0,0,"D"
"10526424",10.4,"Silverbell",2025-12-21,"white",68.9,8,4,7,0,5,5,41,42,8,7,34,10,0,83,72,0,0,0,1,0,0,0,0,1,0,1,5,3,1,5,2,3,19,15,0,3,7,0,0,0,"D"
"10526424",10.4,"Silverbell",2025-12-21,"white",68.9,9,3,15,-1,3,2,41,42,8,7,34,10,0,83,72,0,0,1,0,0,1,0,0,0,0,0,5,3,1,5,2,2,19,15,0,3,7,0,0,0,"8"
"10526424",10.4,"Silverbell",2025-12-21,"white",68.9,10,4,14,-1,5,4,41,42,8,7,34,10,0,83,72,0,0,0,1,0,0,0,1,0,0,0,5,3,0,5,2,2,19,15,1,3,7,0,0,0,"D"
"10526424",10.4,"Silverbell",2025-12-21,"white",68.9,11,4,10,-1,6,5,41,42,8,7,34,10,0,83,72,0,0,0,0,1,0,0,0,1,0,1,5,3,0,5,2,2,19,15,2,3,7,0,0,0,"4"
"10526424",10.4,"Silverbell",2025-12-21,"white",68.9,12,3,18,-1,2,1,41,42,8,7,34,10,0,83,72,1,0,0,0,0,0,1,0,0,0,0,5,3,1,5,2,1,19,15,0,3,7,0,0,0,"8"
"10526424",10.4,"Silverbell",2025-12-21,"white",68.9,13,4,8,-1,5,4,41,42,8,7,34,10,0,83,72,0,0,0,1,0,0,0,1,0,0,1,5,3,0,5,2,2,19,15,1,3,7,0,0,0,"D"
"10526424",10.4,"Silverbell",2025-12-21,"white",68.9,14,4,4,0,6,6,41,42,8,7,34,10,0,83,72,0,0,0,0,1,0,0,0,0,1,0,5,3,0,5,2,2,19,15,0,3,7,0,0,0,"D"
"10526424",10.4,"Silverbell",2025-12-21,"white",68.9,15,4,16,-1,3,2,41,42,8,7,34,10,0,83,72,1,0,0,0,0,0,1,0,0,0,1,5,3,0,5,2,0,19,15,1,3,7,0,0,0,"D"
"10526424",10.4,"Silverbell",2025-12-21,"white",68.9,16,3,12,-1,4,3,41,42,8,7,34,10,0,83,72,0,0,0,1,0,0,0,1,0,0,0,5,3,0,5,2,1,19,15,1,3,7,0,0,0,"4"
"10526424",10.4,"Silverbell",2025-12-21,"white",68.9,17,4,6,0,4,4,41,42,8,7,34,10,0,83,72,0,0,1,0,0,0,0,1,0,0,0,5,3,1,5,2,2,19,15,0,3,7,0,0,0,"4"
"10526424",10.4,"Silverbell",2025-12-21,"white",68.9,18,5,2,0,7,7,41,42,8,7,34,10,0,83,72,0,0,0,0,1,0,0,0,0,1,0,5,3,0,5,2,3,19,15,1,3,7,0,0,0,"D"
"10526424",10.4,"Dell Urich",2025-12-14,"white",67.8,1,4,9,-1,5,4,44,46,5,4,36,14,0,90,80,0,0,0,1,0,0,0,1,0,0,0,3,2,0,3,1,2,18,18,1,8,6,0,0,0,"4"
"10526424",10.4,"Dell Urich",2025-12-14,"white",67.8,2,3,5,0,2,2,44,46,5,4,36,14,0,90,80,1,0,0,0,0,1,0,0,0,0,0,3,2,1,3,1,1,18,18,0,8,6,0,0,0,"8"
"10526424",10.4,"Dell Urich",2025-12-14,"white",67.8,3,5,13,-1,7,6,44,46,5,4,36,14,0,90,80,0,0,0,0,1,0,0,0,1,0,0,3,2,0,3,1,3,18,18,0,8,6,0,0,0,"D"
"10526424",10.4,"Dell Urich",2025-12-14,"white",67.8,4,4,17,-1,4,3,44,46,5,4,36,14,0,90,80,0,0,1,0,0,1,0,0,0,0,0,3,2,1,3,1,2,18,18,0,8,6,0,0,0,"3W"
"10526424",10.4,"Dell Urich",2025-12-14,"white",67.8,5,3,11,-1,5,4,44,46,5,4,36,14,0,90,80,0,0,0,0,1,0,0,0,1,0,0,3,2,0,3,1,2,18,18,2,8,6,0,0,0,"GW"
"10526424",10.4,"Dell Urich",2025-12-14,"white",67.8,6,5,15,-1,6,5,44,46,5,4,36,14,0,90,80,0,0,0,1,0,0,0,1,0,0,1,3,2,0,3,1,1,18,18,2,8,6,0,0,0,"D"
"10526424",10.4,"Dell Urich",2025-12-14,"white",67.8,7,4,1,0,4,4,44,46,5,4,36,14,0,90,80,0,0,1,0,0,0,0,1,0,0,1,3,2,1,3,1,2,18,18,0,8,6,0,0,0,"D"
"10526424",10.4,"Dell Urich",2025-12-14,"white",67.8,8,4,3,0,7,7,44,46,5,4,36,14,0,90,80,0,0,0,0,1,0,0,0,0,1,1,3,2,0,3,1,3,18,18,2,8,6,0,0,0,"4"
"10526424",10.4,"Dell Urich",2025-12-14,"white",67.8,9,3,7,0,4,4,44,46,5,4,36,14,0,90,80,0,0,0,1,0,0,0,0,1,0,0,3,2,0,3,1,2,18,18,1,8,6,0,0,0,"8"
"10526424",10.4,"Dell Urich",2025-12-14,"white",67.8,10,4,10,-1,5,4,44,46,5,4,36,14,0,90,80,0,0,0,1,0,0,0,1,0,0,0,3,2,0,3,1,2,18,18,1,8,6,0,0,0,"D"
"10526424",10.4,"Dell Urich",2025-12-14,"white",67.8,11,3,16,-1,5,4,44,46,5,4,36,14,0,90,80,0,0,0,0,1,0,0,0,1,0,0,3,2,0,3,1,2,18,18,1,8,6,0,0,0,"8"
"10526424",10.4,"Dell Urich",2025-12-14,"white",67.8,12,4,6,0,5,5,44,46,5,4,36,14,0,90,80,0,0,0,1,0,0,0,0,1,0,1,3,2,1,3,1,3,18,18,0,8,6,0,0,0,"D"
"10526424",10.4,"Dell Urich",2025-12-14,"white",67.8,13,5,18,-1,6,5,44,46,5,4,36,14,0,90,80,0,0,0,1,0,0,0,1,0,0,1,3,2,0,3,1,2,18,18,1,8,6,0,0,0,"D"
"10526424",10.4,"Dell Urich",2025-12-14,"white",67.8,14,4,4,0,5,5,44,46,5,4,36,14,0,90,80,0,0,0,1,0,0,0,0,1,0,0,3,2,0,3,1,2,18,18,1,8,6,0,0,0,"D"
"10526424",10.4,"Dell Urich",2025-12-14,"white",67.8,15,4,14,-1,6,5,44,46,5,4,36,14,0,90,80,0,0,0,0,1,0,0,0,1,0,0,3,2,0,3,1,2,18,18,1,8,6,0,0,0,"D"
"10526424",10.4,"Dell Urich",2025-12-14,"white",67.8,16,4,8,0,6,6,44,46,5,4,36,14,0,90,80,0,0,0,0,1,0,0,0,0,1,0,3,2,0,3,1,2,18,18,0,8,6,0,0,0,"4"
"10526424",10.4,"Dell Urich",2025-12-14,"white",67.8,17,3,12,-1,3,2,44,46,5,4,36,14,0,90,80,0,0,1,0,0,1,0,0,0,0,0,3,2,0,3,1,1,18,18,0,8,6,0,0,0,"GW"
"10526424",10.4,"Dell Urich",2025-12-14,"white",67.8,18,4,2,0,5,5,44,46,5,4,36,14,0,90,80,0,0,0,1,0,0,0,0,1,0,0,3,2,0,3,1,2,18,18,1,8,6,0,0,0,"D"
"10526424",10.9,"Randolph North",2025-12-07,"white",69.8,1,4,7,0,5,5,39,43,6,9,32,11,0,82,72,0,0,0,1,0,0,0,0,1,0,0,4,2,0,6,3,1,16,16,2,6,5,0,0,0,"4"
"10526424",10.9,"Randolph North",2025-12-07,"white",69.8,2,4,9,-1,3,2,39,43,6,9,32,11,0,82,72,1,0,0,0,0,0,1,0,0,0,1,4,2,1,6,3,1,16,16,0,6,5,0,0,0,"4"
"10526424",10.9,"Randolph North",2025-12-07,"white",69.8,3,5,11,-1,6,5,39,43,6,9,32,11,0,82,72,0,0,0,1,0,0,0,1,0,0,1,4,2,1,6,3,3,16,16,0,6,5,0,0,0,"D"
"10526424",10.9,"Randolph North",2025-12-07,"white",69.8,4,4,1,0,5,5,39,43,6,9,32,11,0,82,72,0,0,0,1,0,0,0,0,1,0,1,4,2,1,6,3,3,16,16,0,6,5,0,0,0,"D"
"10526424",10.9,"Randolph North",2025-12-07,"white",69.8,5,4,3,0,6,6,39,43,6,9,32,11,0,82,72,0,0,0,0,1,0,0,0,0,1,0,4,2,0,6,3,2,16,16,2,6,5,0,0,0,"D"
"10526424",10.9,"Randolph North",2025-12-07,"white",69.8,6,3,13,-1,2,1,39,43,6,9,32,11,0,82,72,1,0,0,0,0,0,1,0,0,0,0,4,2,1,6,3,1,16,16,0,6,5,0,0,0,"GW"
"10526424",10.9,"Randolph North",2025-12-07,"white",69.8,7,4,15,-1,4,3,39,43,6,9,32,11,0,82,72,0,0,1,0,0,1,0,0,0,0,1,4,2,1,6,3,2,16,16,0,6,5,0,0,0,"4"
"10526424",10.9,"Randolph North",2025-12-07,"white",69.8,8,3,5,0,3,3,39,43,6,9,32,11,0,82,72,0,0,1,0,0,0,0,1,0,0,0,4,2,1,6,3,2,16,16,0,6,5,0,0,0,"7"
"10526424",10.9,"Randolph North",2025-12-07,"white",69.8,9,5,17,-1,5,4,39,43,6,9,32,11,0,82,72,0,0,1,0,0,1,0,0,0,0,0,4,2,0,6,3,1,16,16,2,6,5,0,0,0,"D"
"10526424",10.9,"Randolph North",2025-12-07,"white",69.8,10,4,2,0,6,6,39,43,6,9,32,11,0,82,72,0,0,0,0,1,0,0,0,0,1,0,4,2,0,6,3,2,16,16,0,6,5,0,0,0,"D"
"10526424",10.9,"Randolph North",2025-12-07,"white",69.8,11,3,14,-1,4,3,39,43,6,9,32,11,0,82,72,0,0,0,1,0,0,0,1,0,0,0,4,2,0,6,3,2,16,16,1,6,5,0,0,0,"7"
"10526424",10.9,"Randolph North",2025-12-07,"white",69.8,12,4,10,-1,7,6,39,43,6,9,32,11,0,82,72,0,0,0,0,1,0,0,0,0,1,0,4,2,0,6,3,2,16,16,1,6,5,0,0,0,"D"
"10526424",10.9,"Randolph North",2025-12-07,"white",69.8,13,5,16,-1,5,4,39,43,6,9,32,11,0,82,72,0,0,1,0,0,1,0,0,0,0,0,4,2,1,6,3,2,16,16,0,6,5,0,0,0,"D"
"10526424",10.9,"Randolph North",2025-12-07,"white",69.8,14,4,8,0,5,5,39,43,6,9,32,11,0,82,72,0,0,0,1,0,0,0,0,1,0,0,4,2,0,6,3,2,16,16,1,6,5,0,0,0,"D"
"10526424",10.9,"Randolph North",2025-12-07,"white",69.8,15,3,6,0,4,4,39,43,6,9,32,11,0,82,72,0,0,0,1,0,0,0,0,1,0,0,4,2,0,6,3,2,16,16,1,6,5,0,0,0,"8"
"10526424",10.9,"Randolph North",2025-12-07,"white",69.8,16,5,18,-1,5,4,39,43,6,9,32,11,0,82,72,0,0,1,0,0,1,0,0,0,0,0,4,2,0,6,3,1,16,16,1,6,5,0,0,0,"D"
"10526424",10.9,"Randolph North",2025-12-07,"white",69.8,17,4,12,-1,4,3,39,43,6,9,32,11,0,82,72,0,0,1,0,0,1,0,0,0,0,1,4,2,1,6,3,2,16,16,0,6,5,0,0,0,"D"
"10526424",10.9,"Randolph North",2025-12-07,"white",69.8,18,4,4,0,3,3,39,43,6,9,32,11,0,82,72,1,0,0,0,0,1,0,0,0,0,1,4,2,1,6,3,1,16,16,0,6,5,0,0,0,"D"
"10526424",11.3,"Silverbell",2025-11-30,"white",68.9,1,4,5,0,5,5,38,43,NA,NA,NA,NA,NA,81,71,0,0,0,1,0,0,0,0,1,0,NA,NA,NA,NA,NA,NA,NA,NA,NA,NA,NA,NA,NA,NA,NA,"4"
"10526424",11.3,"Silverbell",2025-11-30,"white",68.9,2,5,3,0,6,6,38,43,NA,NA,NA,NA,NA,81,71,0,0,0,1,0,0,0,0,1,0,NA,NA,NA,NA,NA,NA,NA,NA,NA,NA,NA,NA,NA,NA,NA,"D"
"10526424",11.3,"Silverbell",2025-11-30,"white",68.9,3,3,17,-1,3,2,38,43,NA,NA,NA,NA,NA,81,71,0,0,1,0,0,1,0,0,0,0,NA,NA,NA,NA,NA,NA,NA,NA,NA,NA,NA,NA,NA,NA,NA,"GW"
"10526424",11.3,"Silverbell",2025-11-30,"white",68.9,4,4,9,-1,5,4,38,43,NA,NA,NA,NA,NA,81,71,0,0,0,1,0,0,0,1,0,0,NA,NA,NA,NA,NA,NA,NA,NA,NA,NA,NA,NA,NA,NA,NA,"D"
"10526424",11.3,"Silverbell",2025-11-30,"white",68.9,5,4,13,-1,4,3,38,43,NA,NA,NA,NA,NA,81,71,0,0,1,0,0,1,0,0,0,0,NA,NA,NA,NA,NA,NA,NA,NA,NA,NA,NA,NA,NA,NA,NA,"D"
"10526424",11.3,"Silverbell",2025-11-30,"white",68.9,6,3,11,-1,2,1,38,43,NA,NA,NA,NA,NA,81,71,1,0,0,0,0,0,1,0,0,0,NA,NA,NA,NA,NA,NA,NA,NA,NA,NA,NA,NA,NA,NA,NA,"7"
"10526424",11.3,"Silverbell",2025-11-30,"white",68.9,7,5,1,0,5,5,38,43,NA,NA,NA,NA,NA,81,71,0,0,1,0,0,0,0,1,0,0,NA,NA,NA,NA,NA,NA,NA,NA,NA,NA,NA,NA,NA,NA,NA,"D"
"10526424",11.3,"Silverbell",2025-11-30,"white",68.9,8,4,7,0,5,5,38,43,NA,NA,NA,NA,NA,81,71,0,0,0,1,0,0,0,0,1,0,NA,NA,NA,NA,NA,NA,NA,NA,NA,NA,NA,NA,NA,NA,NA,"4"
"10526424",11.3,"Silverbell",2025-11-30,"white",68.9,9,3,15,-1,3,2,38,43,NA,NA,NA,NA,NA,81,71,0,0,1,0,0,1,0,0,0,0,NA,NA,NA,NA,NA,NA,NA,NA,NA,NA,NA,NA,NA,NA,NA,"7"
"10526424",11.3,"Silverbell",2025-11-30,"white",68.9,10,4,14,-1,4,3,38,43,NA,NA,NA,NA,NA,81,71,0,0,1,0,0,1,0,0,0,0,NA,NA,NA,NA,NA,NA,NA,NA,NA,NA,NA,NA,NA,NA,NA,"D"
"10526424",11.3,"Silverbell",2025-11-30,"white",68.9,11,4,10,-1,5,4,38,43,NA,NA,NA,NA,NA,81,71,0,0,0,1,0,0,0,1,0,0,NA,NA,NA,NA,NA,NA,NA,NA,NA,NA,NA,NA,NA,NA,NA,"4"
"10526424",11.3,"Silverbell",2025-11-30,"white",68.9,12,3,18,-1,4,3,38,43,NA,NA,NA,NA,NA,81,71,0,0,0,1,0,0,0,1,0,0,NA,NA,NA,NA,NA,NA,NA,NA,NA,NA,NA,NA,NA,NA,NA,"7"
"10526424",11.3,"Silverbell",2025-11-30,"white",68.9,13,4,8,0,4,4,38,43,NA,NA,NA,NA,NA,81,71,0,0,1,0,0,0,0,1,0,0,NA,NA,NA,NA,NA,NA,NA,NA,NA,NA,NA,NA,NA,NA,NA,"D"
"10526424",11.3,"Silverbell",2025-11-30,"white",68.9,14,4,4,0,5,5,38,43,NA,NA,NA,NA,NA,81,71,0,0,0,1,0,0,0,0,1,0,NA,NA,NA,NA,NA,NA,NA,NA,NA,NA,NA,NA,NA,NA,NA,"D"
"10526424",11.3,"Silverbell",2025-11-30,"white",68.9,15,4,16,-1,4,3,38,43,NA,NA,NA,NA,NA,81,71,0,0,1,0,0,1,0,0,0,0,NA,NA,NA,NA,NA,NA,NA,NA,NA,NA,NA,NA,NA,NA,NA,"D"
"10526424",11.3,"Silverbell",2025-11-30,"white",68.9,16,3,12,-1,5,4,38,43,NA,NA,NA,NA,NA,81,71,0,0,0,0,1,0,0,0,1,0,NA,NA,NA,NA,NA,NA,NA,NA,NA,NA,NA,NA,NA,NA,NA,"4"
"10526424",11.3,"Silverbell",2025-11-30,"white",68.9,17,4,6,0,4,4,38,43,NA,NA,NA,NA,NA,81,71,0,0,1,0,0,0,0,1,0,0,NA,NA,NA,NA,NA,NA,NA,NA,NA,NA,NA,NA,NA,NA,NA,"4"
"10526424",11.3,"Silverbell",2025-11-30,"white",68.9,18,5,2,0,8,8,38,43,NA,NA,NA,NA,NA,81,71,0,0,0,0,1,0,0,0,0,1,NA,NA,NA,NA,NA,NA,NA,NA,NA,NA,NA,NA,NA,NA,NA,"D"
"10526424",11.8,"Randolph North",2025-11-09,"white",69.8,1,4,7,0,6,6,45,36,8,8,32,9,2,81,72,0,0,0,0,1,0,0,0,0,1,1,3,5,1,2,6,4,17,15,0,7,2,0,1,1,"4"
"10526424",11.8,"Randolph North",2025-11-09,"white",69.8,2,4,9,0,4,4,45,36,8,8,32,9,2,81,72,0,0,1,0,0,0,0,1,0,0,0,3,5,0,2,6,1,17,15,1,7,2,0,1,1,"4"
"10526424",11.8,"Randolph North",2025-11-09,"white",69.8,3,5,11,-1,6,5,45,36,8,8,32,9,2,81,72,0,0,0,1,0,0,0,1,0,0,0,3,5,0,2,6,1,17,15,1,7,2,1,1,1,"D"
"10526424",11.8,"Randolph North",2025-11-09,"white",69.8,4,4,1,0,5,5,45,36,8,8,32,9,2,81,72,0,0,0,1,0,0,0,0,1,0,1,3,5,0,2,6,2,17,15,1,7,2,0,1,1,"D"
"10526424",11.8,"Randolph North",2025-11-09,"white",69.8,5,4,3,0,5,5,45,36,8,8,32,9,2,81,72,0,0,0,1,0,0,0,0,1,0,0,3,5,0,2,6,1,17,15,1,7,2,0,1,1,"D"
"10526424",11.8,"Randolph North",2025-11-09,"white",69.8,6,3,13,-1,3,2,45,36,8,8,32,9,2,81,72,0,0,1,0,0,1,0,0,0,0,0,3,5,1,2,6,2,17,15,0,7,2,0,1,1,"GW"
"10526424",11.8,"Randolph North",2025-11-09,"white",69.8,7,4,15,-1,5,4,45,36,8,8,32,9,2,81,72,0,0,0,1,0,0,0,1,0,0,1,3,5,0,2,6,2,17,15,0,7,2,0,1,1,"4"
"10526424",11.8,"Randolph North",2025-11-09,"white",69.8,8,3,5,0,4,4,45,36,8,8,32,9,2,81,72,0,0,0,1,0,0,0,0,1,0,0,3,5,0,2,6,2,17,15,1,7,2,0,1,1,"7"
"10526424",11.8,"Randolph North",2025-11-09,"white",69.8,9,5,17,-1,7,6,45,36,8,8,32,9,2,81,72,0,0,0,0,1,0,0,0,1,0,0,3,5,0,2,6,2,17,15,2,7,2,0,1,1,"D"
"10526424",11.8,"Randolph North",2025-11-09,"white",69.8,10,4,2,0,3,3,45,36,8,8,32,9,2,81,72,1,0,0,0,0,1,0,0,0,0,1,3,5,1,2,6,1,17,15,0,7,2,0,1,1,"D"
"10526424",11.8,"Randolph North",2025-11-09,"white",69.8,11,3,14,-1,4,3,45,36,8,8,32,9,2,81,72,0,0,0,1,0,0,0,1,0,0,0,3,5,0,2,6,2,17,15,1,7,2,0,1,1,"7"
"10526424",11.8,"Randolph North",2025-11-09,"white",69.8,12,4,10,-1,3,2,45,36,8,8,32,9,2,81,72,1,0,0,0,0,0,1,0,0,0,0,3,5,1,2,6,1,17,15,0,7,2,0,1,1,"D"
"10526424",11.8,"Randolph North",2025-11-09,"white",69.8,13,5,16,-1,4,3,45,36,8,8,32,9,2,81,72,1,0,0,0,0,0,1,0,0,0,1,3,5,1,2,6,1,17,15,0,7,2,0,1,1,"D"
"10526424",11.8,"Randolph North",2025-11-09,"white",69.8,14,4,8,0,4,4,45,36,8,8,32,9,2,81,72,0,0,1,0,0,0,0,1,0,0,1,3,5,1,2,6,2,17,15,0,7,2,0,1,1,"D"
"10526424",11.8,"Randolph North",2025-11-09,"white",69.8,15,3,6,0,5,5,45,36,8,8,32,9,2,81,72,0,0,0,0,1,0,0,0,0,1,0,3,5,0,2,6,2,17,15,1,7,2,1,1,1,"7"
"10526424",11.8,"Randolph North",2025-11-09,"white",69.8,16,5,18,-1,4,3,45,36,8,8,32,9,2,81,72,1,0,0,0,0,0,1,0,0,0,1,3,5,1,2,6,2,17,15,0,7,2,0,1,1,"D"
"10526424",11.8,"Randolph North",2025-11-09,"white",69.8,17,4,12,-1,5,4,45,36,8,8,32,9,2,81,72,0,0,0,1,0,0,0,1,0,0,0,3,5,0,2,6,2,17,15,0,7,2,0,1,1,"D"
"10526424",11.8,"Randolph North",2025-11-09,"white",69.8,18,4,4,0,4,4,45,36,8,8,32,9,2,81,72,0,0,1,0,0,0,0,1,0,0,1,3,5,1,2,6,2,17,15,0,7,2,0,1,1,"D"
"10526424",11.7,"Randolph North",2025-10-26,"white",69.8,1,4,7,0,3,3,40,42,5,4,27,16,0,82,73,1,0,0,0,0,1,0,0,0,0,0,2,3,1,2,2,1,12,15,0,9,7,0,0,0,"4"
"10526424",11.7,"Randolph North",2025-10-26,"white",69.8,2,4,9,0,4,4,40,42,5,4,27,16,0,82,73,0,0,1,0,0,0,0,1,0,0,0,2,3,0,2,2,1,12,15,1,9,7,0,0,0,"4"
"10526424",11.7,"Randolph North",2025-10-26,"white",69.8,3,5,11,-1,5,4,40,42,5,4,27,16,0,82,73,0,0,1,0,0,1,0,0,0,0,1,2,3,0,2,2,1,12,15,1,9,7,0,0,0,"D"
"10526424",11.7,"Randolph North",2025-10-26,"white",69.8,4,4,1,0,4,4,40,42,5,4,27,16,0,82,73,0,0,1,0,0,0,0,1,0,0,0,2,3,0,2,2,1,12,15,1,9,7,0,0,0,"D"
"10526424",11.7,"Randolph North",2025-10-26,"white",69.8,5,4,3,0,4,4,40,42,5,4,27,16,0,82,73,0,0,1,0,0,0,0,1,0,0,0,2,3,0,2,2,1,12,15,1,9,7,0,0,0,"D"
"10526424",11.7,"Randolph North",2025-10-26,"white",69.8,6,3,13,-1,5,4,40,42,5,4,27,16,0,82,73,0,0,0,0,1,0,0,0,1,0,0,2,3,0,2,2,1,12,15,1,9,7,0,0,0,"GW"
"10526424",11.7,"Randolph North",2025-10-26,"white",69.8,7,4,15,-1,6,5,40,42,5,4,27,16,0,82,73,0,0,0,0,1,0,0,0,1,0,1,2,3,0,2,2,2,12,15,2,9,7,0,0,0,"4"
"10526424",11.7,"Randolph North",2025-10-26,"white",69.8,8,3,5,0,4,4,40,42,5,4,27,16,0,82,73,0,0,0,1,0,0,0,0,1,0,0,2,3,0,2,2,2,12,15,1,9,7,0,0,0,"7"
"10526424",11.7,"Randolph North",2025-10-26,"white",69.8,9,5,17,-1,5,4,40,42,5,4,27,16,0,82,73,0,0,1,0,0,1,0,0,0,0,0,2,3,1,2,2,2,12,15,1,9,7,0,0,0,"D"
"10526424",11.7,"Randolph North",2025-10-26,"white",69.8,10,4,2,0,4,4,40,42,5,4,27,16,0,82,73,0,0,1,0,0,0,0,1,0,0,1,2,3,1,2,2,2,12,15,0,9,7,0,0,0,"D"
"10526424",11.7,"Randolph North",2025-10-26,"white",69.8,11,3,14,-1,4,3,40,42,5,4,27,16,0,82,73,0,0,0,1,0,0,0,1,0,0,0,2,3,0,2,2,1,12,15,2,9,7,0,0,0,"7"
"10526424",11.7,"Randolph North",2025-10-26,"white",69.8,12,4,10,-1,5,4,40,42,5,4,27,16,0,82,73,0,0,0,1,0,0,0,1,0,0,0,2,3,0,2,2,2,12,15,0,9,7,0,0,0,"D"
"10526424",11.7,"Randolph North",2025-10-26,"white",69.8,13,5,16,-1,5,4,40,42,5,4,27,16,0,82,73,0,0,1,0,0,1,0,0,0,0,1,2,3,1,2,2,2,12,15,0,9,7,0,0,0,"D"
"10526424",11.7,"Randolph North",2025-10-26,"white",69.8,14,4,8,0,6,6,40,42,5,4,27,16,0,82,73,0,0,0,0,1,0,0,0,0,1,0,2,3,0,2,2,2,12,15,1,9,7,0,0,0,"D"
"10526424",11.7,"Randolph North",2025-10-26,"white",69.8,15,3,6,0,3,3,40,42,5,4,27,16,0,82,73,0,0,1,0,0,0,0,1,0,0,0,2,3,0,2,2,1,12,15,1,9,7,0,0,0,"7"
"10526424",11.7,"Randolph North",2025-10-26,"white",69.8,16,5,18,-1,6,5,40,42,5,4,27,16,0,82,73,0,0,0,1,0,0,0,1,0,0,0,2,3,0,2,2,2,12,15,1,9,7,0,0,0,"D"
"10526424",11.7,"Randolph North",2025-10-26,"white",69.8,17,4,12,-1,5,4,40,42,5,4,27,16,0,82,73,0,0,0,1,0,0,0,1,0,0,0,2,3,0,2,2,2,12,15,1,9,7,0,0,0,"D"
"10526424",11.7,"Randolph North",2025-10-26,"white",69.8,18,4,4,0,4,4,40,42,5,4,27,16,0,82,73,0,0,1,0,0,0,0,1,0,0,1,2,3,0,2,2,1,12,15,1,9,7,0,0,0,"D"
"10526424",11.9,"Silverbell",2025-10-19,"white",68.9,1,4,5,0,4,4,40,42,NA,NA,NA,NA,NA,82,72,0,0,1,0,0,0,0,1,0,0,NA,NA,NA,NA,NA,NA,NA,NA,NA,NA,NA,NA,NA,NA,NA,"NA"
"10526424",11.9,"Silverbell",2025-10-19,"white",68.9,2,5,3,0,6,6,40,42,NA,NA,NA,NA,NA,82,72,0,0,0,1,0,0,0,0,1,0,NA,NA,NA,NA,NA,NA,NA,NA,NA,NA,NA,NA,NA,NA,NA,"NA"
"10526424",11.9,"Silverbell",2025-10-19,"white",68.9,3,3,17,-1,4,3,40,42,NA,NA,NA,NA,NA,82,72,0,0,0,1,0,0,0,1,0,0,NA,NA,NA,NA,NA,NA,NA,NA,NA,NA,NA,NA,NA,NA,NA,"NA"
"10526424",11.9,"Silverbell",2025-10-19,"white",68.9,4,4,9,-1,6,5,40,42,NA,NA,NA,NA,NA,82,72,0,0,0,0,1,0,0,0,1,0,NA,NA,NA,NA,NA,NA,NA,NA,NA,NA,NA,NA,NA,NA,NA,"NA"
"10526424",11.9,"Silverbell",2025-10-19,"white",68.9,5,4,13,-1,4,3,40,42,NA,NA,NA,NA,NA,82,72,0,0,1,0,0,1,0,0,0,0,NA,NA,NA,NA,NA,NA,NA,NA,NA,NA,NA,NA,NA,NA,NA,"NA"
"10526424",11.9,"Silverbell",2025-10-19,"white",68.9,6,3,11,-1,3,2,40,42,NA,NA,NA,NA,NA,82,72,0,0,1,0,0,1,0,0,0,0,NA,NA,NA,NA,NA,NA,NA,NA,NA,NA,NA,NA,NA,NA,NA,"NA"
"10526424",11.9,"Silverbell",2025-10-19,"white",68.9,7,5,1,0,5,5,40,42,NA,NA,NA,NA,NA,82,72,0,0,1,0,0,0,0,1,0,0,NA,NA,NA,NA,NA,NA,NA,NA,NA,NA,NA,NA,NA,NA,NA,"NA"
"10526424",11.9,"Silverbell",2025-10-19,"white",68.9,8,4,7,0,5,5,40,42,NA,NA,NA,NA,NA,82,72,0,0,0,1,0,0,0,0,1,0,NA,NA,NA,NA,NA,NA,NA,NA,NA,NA,NA,NA,NA,NA,NA,"NA"
"10526424",11.9,"Silverbell",2025-10-19,"white",68.9,9,3,15,-1,3,2,40,42,NA,NA,NA,NA,NA,82,72,0,0,1,0,0,1,0,0,0,0,NA,NA,NA,NA,NA,NA,NA,NA,NA,NA,NA,NA,NA,NA,NA,"NA"
"10526424",11.9,"Silverbell",2025-10-19,"white",68.9,10,4,14,-1,5,4,40,42,NA,NA,NA,NA,NA,82,72,0,0,0,1,0,0,0,1,0,0,NA,NA,NA,NA,NA,NA,NA,NA,NA,NA,NA,NA,NA,NA,NA,"NA"
"10526424",11.9,"Silverbell",2025-10-19,"white",68.9,11,4,10,-1,4,3,40,42,NA,NA,NA,NA,NA,82,72,0,0,1,0,0,1,0,0,0,0,NA,NA,NA,NA,NA,NA,NA,NA,NA,NA,NA,NA,NA,NA,NA,"NA"
"10526424",11.9,"Silverbell",2025-10-19,"white",68.9,12,3,18,-1,3,2,40,42,NA,NA,NA,NA,NA,82,72,0,0,1,0,0,1,0,0,0,0,NA,NA,NA,NA,NA,NA,NA,NA,NA,NA,NA,NA,NA,NA,NA,"NA"
"10526424",11.9,"Silverbell",2025-10-19,"white",68.9,13,4,8,0,5,5,40,42,NA,NA,NA,NA,NA,82,72,0,0,0,1,0,0,0,0,1,0,NA,NA,NA,NA,NA,NA,NA,NA,NA,NA,NA,NA,NA,NA,NA,"NA"
"10526424",11.9,"Silverbell",2025-10-19,"white",68.9,14,4,4,0,5,5,40,42,NA,NA,NA,NA,NA,82,72,0,0,0,1,0,0,0,0,1,0,NA,NA,NA,NA,NA,NA,NA,NA,NA,NA,NA,NA,NA,NA,NA,"NA"
"10526424",11.9,"Silverbell",2025-10-19,"white",68.9,15,4,16,-1,4,3,40,42,NA,NA,NA,NA,NA,82,72,0,0,1,0,0,1,0,0,0,0,NA,NA,NA,NA,NA,NA,NA,NA,NA,NA,NA,NA,NA,NA,NA,"NA"
"10526424",11.9,"Silverbell",2025-10-19,"white",68.9,16,3,12,-1,4,3,40,42,NA,NA,NA,NA,NA,82,72,0,0,0,1,0,0,0,1,0,0,NA,NA,NA,NA,NA,NA,NA,NA,NA,NA,NA,NA,NA,NA,NA,"NA"
"10526424",11.9,"Silverbell",2025-10-19,"white",68.9,17,4,6,0,6,6,40,42,NA,NA,NA,NA,NA,82,72,0,0,0,0,1,0,0,0,0,1,NA,NA,NA,NA,NA,NA,NA,NA,NA,NA,NA,NA,NA,NA,NA,"NA"
"10526424",11.9,"Silverbell",2025-10-19,"white",68.9,18,5,2,0,6,6,40,42,NA,NA,NA,NA,NA,82,72,0,0,0,1,0,0,0,0,1,0,NA,NA,NA,NA,NA,NA,NA,NA,NA,NA,NA,NA,NA,NA,NA,"NA"
"10526424",12.4,"Randolph North",2025-10-05,"white",69.8,1,4,7,0,5,5,39,43,4,5,30,10,0,82,74,0,0,0,1,0,0,0,0,1,0,1,3,1,0,2,3,1,12,18,2,6,4,0,0,0,"4"
"10526424",12.4,"Randolph North",2025-10-05,"white",69.8,2,4,9,0,5,5,39,43,4,5,30,10,0,82,74,0,0,0,1,0,0,0,0,1,0,1,3,1,0,2,3,2,12,18,1,6,4,0,0,0,"4"
"10526424",12.4,"Randolph North",2025-10-05,"white",69.8,3,5,11,-1,6,5,39,43,4,5,30,10,0,82,74,0,0,0,1,0,0,0,1,0,0,0,3,1,0,2,3,1,12,18,2,6,4,0,0,0,"D"
"10526424",12.4,"Randolph North",2025-10-05,"white",69.8,4,4,1,0,4,4,39,43,4,5,30,10,0,82,74,0,0,1,0,0,0,0,1,0,0,1,3,1,1,2,3,2,12,18,0,6,4,0,0,0,"D"
"10526424",12.4,"Randolph North",2025-10-05,"white",69.8,5,4,3,0,5,5,39,43,4,5,30,10,0,82,74,0,0,0,1,0,0,0,0,1,0,0,3,1,0,2,3,2,12,18,0,6,4,0,0,0,"D"
"10526424",12.4,"Randolph North",2025-10-05,"white",69.8,6,3,13,-1,2,1,39,43,4,5,30,10,0,82,74,1,0,0,0,0,0,1,0,0,0,0,3,1,1,2,3,1,12,18,0,6,4,0,0,0,"GW"
"10526424",12.4,"Randolph North",2025-10-05,"white",69.8,7,4,15,-1,4,3,39,43,4,5,30,10,0,82,74,0,0,1,0,0,1,0,0,0,0,0,3,1,0,2,3,1,12,18,1,6,4,0,0,0,"4"
"10526424",12.4,"Randolph North",2025-10-05,"white",69.8,8,3,5,0,3,3,39,43,4,5,30,10,0,82,74,0,0,1,0,0,0,0,1,0,0,0,3,1,0,2,3,1,12,18,0,6,4,0,0,0,"7"
"10526424",12.4,"Randolph North",2025-10-05,"white",69.8,9,5,17,-1,5,4,39,43,4,5,30,10,0,82,74,0,0,1,0,0,1,0,0,0,0,0,3,1,0,2,3,1,12,18,0,6,4,0,0,0,"D"
"10526424",12.4,"Randolph North",2025-10-05,"white",69.8,10,4,2,0,5,5,39,43,4,5,30,10,0,82,74,0,0,0,1,0,0,0,0,1,0,1,3,1,0,2,3,2,12,18,1,6,4,0,0,0,"D"
"10526424",12.4,"Randolph North",2025-10-05,"white",69.8,11,3,14,-1,4,3,39,43,4,5,30,10,0,82,74,0,0,0,1,0,0,0,1,0,0,0,3,1,0,2,3,2,12,18,1,6,4,0,0,0,"7"
"10526424",12.4,"Randolph North",2025-10-05,"white",69.8,12,4,10,0,6,6,39,43,4,5,30,10,0,82,74,0,0,0,0,1,0,0,0,0,1,0,3,1,0,2,3,2,12,18,0,6,4,0,0,0,"D"
"10526424",12.4,"Randolph North",2025-10-05,"white",69.8,13,5,16,-1,4,3,39,43,4,5,30,10,0,82,74,1,0,0,0,0,0,1,0,0,0,0,3,1,1,2,3,1,12,18,0,6,4,0,0,0,"D"
"10526424",12.4,"Randolph North",2025-10-05,"white",69.8,14,4,8,0,5,5,39,43,4,5,30,10,0,82,74,0,0,0,1,0,0,0,0,1,0,0,3,1,0,2,3,2,12,18,0,6,4,0,0,0,"D"
"10526424",12.4,"Randolph North",2025-10-05,"white",69.8,15,3,6,0,3,3,39,43,4,5,30,10,0,82,74,0,0,1,0,0,0,0,1,0,0,0,3,1,1,2,3,2,12,18,0,6,4,0,0,0,"7"
"10526424",12.4,"Randolph North",2025-10-05,"white",69.8,16,5,18,-1,6,5,39,43,4,5,30,10,0,82,74,0,0,0,1,0,0,0,1,0,0,0,3,1,1,2,3,3,12,18,0,6,4,0,0,0,"D"
"10526424",12.4,"Randolph North",2025-10-05,"white",69.8,17,4,12,-1,5,4,39,43,4,5,30,10,0,82,74,0,0,0,1,0,0,0,1,0,0,0,3,1,0,2,3,2,12,18,1,6,4,0,0,0,"D"
"10526424",12.4,"Randolph North",2025-10-05,"white",69.8,18,4,4,0,5,5,39,43,4,5,30,10,0,82,74,0,0,0,1,0,0,0,0,1,0,0,3,1,0,2,3,2,12,18,1,6,4,0,0,0,"D"
"10526424",12.4,"Randolph North",2025-09-21,"white",69.8,1,4,7,0,5,5,46,44,3,2,33,NA,0,90,82,0,0,0,1,0,0,0,0,1,0,0,2,1,0,0,2,1,15,18,NA,NA,NA,0,0,0,"4"
"10526424",12.4,"Randolph North",2025-09-21,"white",69.8,2,4,9,0,6,6,46,44,3,2,33,NA,0,90,82,0,0,0,0,1,0,0,0,0,1,0,2,1,0,0,2,2,15,18,NA,NA,NA,0,0,0,"4"
"10526424",12.4,"Randolph North",2025-09-21,"white",69.8,3,5,11,-1,5,4,46,44,3,2,33,NA,0,90,82,0,0,1,0,0,1,0,0,0,0,1,2,1,0,0,2,1,15,18,NA,NA,NA,0,0,0,"D"
"10526424",12.4,"Randolph North",2025-09-21,"white",69.8,4,4,1,0,5,5,46,44,3,2,33,NA,0,90,82,0,0,0,1,0,0,0,0,1,0,1,2,1,0,0,2,2,15,18,NA,NA,NA,0,0,0,"D"
"10526424",12.4,"Randolph North",2025-09-21,"white",69.8,5,4,3,0,5,5,46,44,3,2,33,NA,0,90,82,0,0,0,1,0,0,0,0,1,0,0,2,1,0,0,2,2,15,18,NA,NA,NA,0,0,0,"D"
"10526424",12.4,"Randolph North",2025-09-21,"white",69.8,6,3,13,-1,3,2,46,44,3,2,33,NA,0,90,82,0,0,1,0,0,1,0,0,0,0,0,2,1,0,0,2,1,15,18,NA,NA,NA,0,0,0,"GW"
"10526424",12.4,"Randolph North",2025-09-21,"white",69.8,7,4,15,-1,6,5,46,44,3,2,33,NA,0,90,82,0,0,0,0,1,0,0,0,1,0,0,2,1,0,0,2,2,15,18,NA,NA,NA,0,0,0,"4"
"10526424",12.4,"Randolph North",2025-09-21,"white",69.8,8,3,5,0,4,4,46,44,3,2,33,NA,0,90,82,0,0,0,1,0,0,0,0,1,0,0,2,1,0,0,2,2,15,18,NA,NA,NA,0,0,0,"7"
"10526424",12.4,"Randolph North",2025-09-21,"white",69.8,9,5,17,-1,7,6,46,44,3,2,33,NA,0,90,82,0,0,0,0,1,0,0,0,1,0,0,2,1,0,0,2,2,15,18,NA,NA,NA,0,0,0,"D"
"10526424",12.4,"Randolph North",2025-09-21,"white",69.8,10,4,2,0,6,6,46,44,3,2,33,NA,0,90,82,0,0,0,0,1,0,0,0,0,1,0,2,1,0,0,2,2,15,18,NA,NA,NA,0,0,0,"D"
"10526424",12.4,"Randolph North",2025-09-21,"white",69.8,11,3,14,-1,5,4,46,44,3,2,33,NA,0,90,82,0,0,0,0,1,0,0,0,1,0,0,2,1,0,0,2,3,15,18,NA,NA,NA,0,0,0,"7"
"10526424",12.4,"Randolph North",2025-09-21,"white",69.8,12,4,10,0,4,4,46,44,3,2,33,NA,0,90,82,0,0,1,0,0,0,0,1,0,0,0,2,1,0,0,2,1,15,18,NA,NA,NA,0,0,0,"D"
"10526424",12.4,"Randolph North",2025-09-21,"white",69.8,13,5,16,-1,6,5,46,44,3,2,33,NA,0,90,82,0,0,0,1,0,0,0,1,0,0,0,2,1,0,0,2,2,15,18,NA,NA,NA,0,0,0,"D"
"10526424",12.4,"Randolph North",2025-09-21,"white",69.8,14,4,8,0,5,5,46,44,3,2,33,NA,0,90,82,0,0,0,1,0,0,0,0,1,0,0,2,1,0,0,2,2,15,18,NA,NA,NA,0,0,0,"D"
"10526424",12.4,"Randolph North",2025-09-21,"white",69.8,15,3,6,0,4,4,46,44,3,2,33,NA,0,90,82,0,0,0,1,0,0,0,0,1,0,0,2,1,0,0,2,2,15,18,NA,NA,NA,0,0,0,"7"
"10526424",12.4,"Randolph North",2025-09-21,"white",69.8,16,5,18,-1,5,4,46,44,3,2,33,NA,0,90,82,0,0,1,0,0,1,0,0,0,0,1,2,1,1,0,2,2,15,18,NA,NA,NA,0,0,0,"D"
"10526424",12.4,"Randolph North",2025-09-21,"white",69.8,17,4,12,-1,5,4,46,44,3,2,33,NA,0,90,82,0,0,0,1,0,0,0,1,0,0,0,2,1,0,0,2,2,15,18,NA,NA,NA,0,0,0,"D"
"10526424",12.4,"Randolph North",2025-09-21,"white",69.8,18,4,4,0,4,4,46,44,3,2,33,NA,0,90,82,0,0,1,0,0,0,0,1,0,0,0,2,1,1,0,2,2,15,18,NA,NA,NA,0,0,0,"D"
"10526424",11.9,"Dell Urich",2025-09-07,"white",67.8,1,4,9,0,6,6,42,41,8,5,36,11,0,83,74,0,0,0,0,1,0,0,0,0,1,1,3,5,0,3,2,3,19,17,1,4,7,0,0,0,"4"
"10526424",11.9,"Dell Urich",2025-09-07,"white",67.8,2,3,5,0,4,4,42,41,8,5,36,11,0,83,74,0,0,0,1,0,0,0,0,1,0,0,3,5,1,3,2,3,19,17,0,4,7,0,0,0,"7"
"10526424",11.9,"Dell Urich",2025-09-07,"white",67.8,3,5,13,-1,5,4,42,41,8,5,36,11,0,83,74,0,0,1,0,0,1,0,0,0,0,0,3,5,1,3,2,2,19,17,0,4,7,0,0,0,"D"
"10526424",11.9,"Dell Urich",2025-09-07,"white",67.8,4,4,17,-1,5,4,42,41,8,5,36,11,0,83,74,0,0,0,1,0,0,0,1,0,0,1,3,5,0,3,2,2,19,17,1,4,7,0,0,0,"D"
"10526424",11.9,"Dell Urich",2025-09-07,"white",67.8,5,3,11,-1,3,2,42,41,8,5,36,11,0,83,74,0,0,1,0,0,1,0,0,0,0,0,3,5,1,3,2,2,19,17,0,4,7,0,0,0,"GW"
"10526424",11.9,"Dell Urich",2025-09-07,"white",67.8,6,5,15,-1,6,5,42,41,8,5,36,11,0,83,74,0,0,0,1,0,0,0,1,0,0,0,3,5,0,3,2,2,19,17,0,4,7,0,0,0,"D"
"10526424",11.9,"Dell Urich",2025-09-07,"white",67.8,7,4,1,0,5,5,42,41,8,5,36,11,0,83,74,0,0,0,1,0,0,0,0,1,0,0,3,5,0,3,2,2,19,17,1,4,7,0,0,0,"D"
"10526424",11.9,"Dell Urich",2025-09-07,"white",67.8,8,4,3,0,4,4,42,41,8,5,36,11,0,83,74,0,0,1,0,0,0,0,1,0,0,1,3,5,0,3,2,1,19,17,0,4,7,0,0,0,"D"
"10526424",11.9,"Dell Urich",2025-09-07,"white",67.8,9,3,7,0,4,4,42,41,8,5,36,11,0,83,74,0,0,0,1,0,0,0,0,1,0,0,3,5,0,3,2,2,19,17,1,4,7,0,0,0,"7"
"10526424",11.9,"Dell Urich",2025-09-07,"white",67.8,10,4,10,-1,5,4,42,41,8,5,36,11,0,83,74,0,0,0,1,0,0,0,1,0,0,1,3,5,0,3,2,2,19,17,1,4,7,0,0,0,"4"
"10526424",11.9,"Dell Urich",2025-09-07,"white",67.8,11,3,16,-1,4,3,42,41,8,5,36,11,0,83,74,0,0,0,1,0,0,0,1,0,0,0,3,5,0,3,2,2,19,17,1,4,7,0,0,0,"7"
"10526424",11.9,"Dell Urich",2025-09-07,"white",67.8,12,4,6,0,4,4,42,41,8,5,36,11,0,83,74,0,0,1,0,0,0,0,1,0,0,1,3,5,1,3,2,2,19,17,0,4,7,0,0,0,"D"
"10526424",11.9,"Dell Urich",2025-09-07,"white",67.8,13,5,18,-1,6,5,42,41,8,5,36,11,0,83,74,0,0,0,1,0,0,0,1,0,0,1,3,5,0,3,2,2,19,17,2,4,7,0,0,0,"D"
"10526424",11.9,"Dell Urich",2025-09-07,"white",67.8,14,4,4,0,5,5,42,41,8,5,36,11,0,83,74,0,0,0,1,0,0,0,0,1,0,1,3,5,0,3,2,2,19,17,1,4,7,0,0,0,"D"
"10526424",11.9,"Dell Urich",2025-09-07,"white",67.8,15,4,14,-1,4,3,42,41,8,5,36,11,0,83,74,0,0,1,0,0,1,0,0,0,0,1,3,5,0,3,2,1,19,17,1,4,7,0,0,0,"D"
"10526424",11.9,"Dell Urich",2025-09-07,"white",67.8,16,4,8,0,5,5,42,41,8,5,36,11,0,83,74,0,0,0,1,0,0,0,0,1,0,0,3,5,0,3,2,2,19,17,1,4,7,0,0,0,"4"
"10526424",11.9,"Dell Urich",2025-09-07,"white",67.8,17,3,12,-1,3,2,42,41,8,5,36,11,0,83,74,0,0,1,0,0,1,0,0,0,0,0,3,5,1,3,2,2,19,17,0,4,7,0,0,0,"GW"
"10526424",11.9,"Dell Urich",2025-09-07,"white",67.8,18,4,2,0,5,5,42,41,8,5,36,11,0,83,74,0,0,0,1,0,0,0,0,1,0,0,3,5,0,3,2,2,19,17,0,4,7,0,0,0,"D"
"10526424",11.9,"Dell Urich",2025-08-31,"white",67.8,1,4,9,0,4,4,41,44,4,5,34,5,0,85,76,0,0,1,0,0,0,0,1,0,0,0,3,1,0,2,3,1,16,18,1,2,3,0,0,0,"4"
"10526424",11.9,"Dell Urich",2025-08-31,"white",67.8,2,3,5,0,4,4,41,44,4,5,34,5,0,85,76,0,0,0,1,0,0,0,0,1,0,0,3,1,0,2,3,2,16,18,0,2,3,0,0,0,"7"
"10526424",11.9,"Dell Urich",2025-08-31,"white",67.8,3,5,13,-1,5,4,41,44,4,5,34,5,0,85,76,0,0,1,0,0,1,0,0,0,0,1,3,1,1,2,3,3,16,18,0,2,3,0,0,0,"D"
"10526424",11.9,"Dell Urich",2025-08-31,"white",67.8,4,4,17,-1,4,3,41,44,4,5,34,5,0,85,76,0,0,1,0,0,1,0,0,0,0,1,3,1,1,2,3,2,16,18,0,2,3,0,0,0,"D"
"10526424",11.9,"Dell Urich",2025-08-31,"white",67.8,5,3,11,-1,4,3,41,44,4,5,34,5,0,85,76,0,0,0,1,0,0,0,1,0,0,0,3,1,0,2,3,2,16,18,0,2,3,0,0,0,"GW"
"10526424",11.9,"Dell Urich",2025-08-31,"white",67.8,6,5,15,-1,5,4,41,44,4,5,34,5,0,85,76,0,0,1,0,0,1,0,0,0,0,1,3,1,0,2,3,1,16,18,0,2,3,0,0,0,"D"
"10526424",11.9,"Dell Urich",2025-08-31,"white",67.8,7,4,1,0,6,6,41,44,4,5,34,5,0,85,76,0,0,0,0,1,0,0,0,0,1,0,3,1,0,2,3,3,16,18,0,2,3,0,0,0,"D"
"10526424",11.9,"Dell Urich",2025-08-31,"white",67.8,8,4,3,0,6,6,41,44,4,5,34,5,0,85,76,0,0,0,0,1,0,0,0,0,1,0,3,1,0,2,3,1,16,18,0,2,3,0,0,0,"D"
"10526424",11.9,"Dell Urich",2025-08-31,"white",67.8,9,3,7,0,3,3,41,44,4,5,34,5,0,85,76,0,0,1,0,0,0,0,1,0,0,0,3,1,0,2,3,1,16,18,1,2,3,0,0,0,"7"
"10526424",11.9,"Dell Urich",2025-08-31,"white",67.8,10,4,10,-1,5,4,41,44,4,5,34,5,0,85,76,0,0,0,1,0,0,0,1,0,0,0,3,1,1,2,3,3,16,18,0,2,3,0,0,0,"4"
"10526424",11.9,"Dell Urich",2025-08-31,"white",67.8,11,3,16,-1,4,3,41,44,4,5,34,5,0,85,76,0,0,0,1,0,0,0,1,0,0,0,3,1,0,2,3,1,16,18,2,2,3,0,0,0,"7"
"10526424",11.9,"Dell Urich",2025-08-31,"white",67.8,12,4,6,0,5,5,41,44,4,5,34,5,0,85,76,0,0,0,1,0,0,0,0,1,0,0,3,1,0,2,3,2,16,18,1,2,3,0,0,0,"D"
"10526424",11.9,"Dell Urich",2025-08-31,"white",67.8,13,5,18,-1,4,3,41,44,4,5,34,5,0,85,76,1,0,0,0,0,0,1,0,0,0,0,3,1,1,2,3,2,16,18,0,2,3,0,0,0,"D"
"10526424",11.9,"Dell Urich",2025-08-31,"white",67.8,14,4,4,0,6,6,41,44,4,5,34,5,0,85,76,0,0,0,0,1,0,0,0,0,1,0,3,1,0,2,3,2,16,18,0,2,3,0,0,0,"D"
"10526424",11.9,"Dell Urich",2025-08-31,"white",67.8,15,4,14,-1,5,4,41,44,4,5,34,5,0,85,76,0,0,0,1,0,0,0,1,0,0,0,3,1,0,2,3,2,16,18,0,2,3,0,0,0,"D"
"10526424",11.9,"Dell Urich",2025-08-31,"white",67.8,16,4,8,0,7,7,41,44,4,5,34,5,0,85,76,0,0,0,0,1,0,0,0,0,1,0,3,1,0,2,3,2,16,18,0,2,3,0,0,0,"4"
"10526424",11.9,"Dell Urich",2025-08-31,"white",67.8,17,3,12,-1,4,3,41,44,4,5,34,5,0,85,76,0,0,0,1,0,0,0,1,0,0,0,3,1,0,2,3,2,16,18,0,2,3,0,0,0,"GW"
"10526424",11.9,"Dell Urich",2025-08-31,"white",67.8,18,4,2,0,4,4,41,44,4,5,34,5,0,85,76,0,0,1,0,0,0,0,1,0,0,1,3,1,1,2,3,2,16,18,0,2,3,0,0,0,"D"
"10526424",11.9,"Arizona National",2025-08-24,"white",65.8,1,4,10,-1,5,4,44,45,NA,NA,NA,NA,NA,89,77,0,0,0,1,0,0,0,1,0,0,NA,NA,NA,NA,NA,NA,NA,NA,NA,NA,NA,NA,NA,NA,NA,"NA"
"10526424",11.9,"Arizona National",2025-08-24,"white",65.8,2,5,2,0,5,5,44,45,NA,NA,NA,NA,NA,89,77,0,0,1,0,0,0,0,1,0,0,NA,NA,NA,NA,NA,NA,NA,NA,NA,NA,NA,NA,NA,NA,NA,"NA"
"10526424",11.9,"Arizona National",2025-08-24,"white",65.8,3,4,18,-1,4,3,44,45,NA,NA,NA,NA,NA,89,77,0,0,1,0,0,1,0,0,0,0,NA,NA,NA,NA,NA,NA,NA,NA,NA,NA,NA,NA,NA,NA,NA,"NA"
"10526424",11.9,"Arizona National",2025-08-24,"white",65.8,4,3,8,-1,3,2,44,45,NA,NA,NA,NA,NA,89,77,0,0,1,0,0,1,0,0,0,0,NA,NA,NA,NA,NA,NA,NA,NA,NA,NA,NA,NA,NA,NA,NA,"NA"
"10526424",11.9,"Arizona National",2025-08-24,"white",65.8,5,5,4,0,8,8,44,45,NA,NA,NA,NA,NA,89,77,0,0,0,0,1,0,0,0,0,1,NA,NA,NA,NA,NA,NA,NA,NA,NA,NA,NA,NA,NA,NA,NA,"NA"
"10526424",11.9,"Arizona National",2025-08-24,"white",65.8,6,3,16,-1,3,2,44,45,NA,NA,NA,NA,NA,89,77,0,0,1,0,0,1,0,0,0,0,NA,NA,NA,NA,NA,NA,NA,NA,NA,NA,NA,NA,NA,NA,NA,"NA"
"10526424",11.9,"Arizona National",2025-08-24,"white",65.8,7,4,12,-1,6,5,44,45,NA,NA,NA,NA,NA,89,77,0,0,0,0,1,0,0,0,1,0,NA,NA,NA,NA,NA,NA,NA,NA,NA,NA,NA,NA,NA,NA,NA,"NA"
"10526424",11.9,"Arizona National",2025-08-24,"white",65.8,8,4,14,-1,6,5,44,45,NA,NA,NA,NA,NA,89,77,0,0,0,0,1,0,0,0,1,0,NA,NA,NA,NA,NA,NA,NA,NA,NA,NA,NA,NA,NA,NA,NA,"NA"
"10526424",11.9,"Arizona National",2025-08-24,"white",65.8,9,3,6,0,4,4,44,45,NA,NA,NA,NA,NA,89,77,0,0,0,1,0,0,0,0,1,0,NA,NA,NA,NA,NA,NA,NA,NA,NA,NA,NA,NA,NA,NA,NA,"NA"
"10526424",11.9,"Arizona National",2025-08-24,"white",65.8,10,4,3,0,5,5,44,45,NA,NA,NA,NA,NA,89,77,0,0,0,1,0,0,0,0,1,0,NA,NA,NA,NA,NA,NA,NA,NA,NA,NA,NA,NA,NA,NA,NA,"NA"
"10526424",11.9,"Arizona National",2025-08-24,"white",65.8,11,5,1,0,7,7,44,45,NA,NA,NA,NA,NA,89,77,0,0,0,0,1,0,0,0,0,1,NA,NA,NA,NA,NA,NA,NA,NA,NA,NA,NA,NA,NA,NA,NA,"NA"
"10526424",11.9,"Arizona National",2025-08-24,"white",65.8,12,3,17,-1,4,3,44,45,NA,NA,NA,NA,NA,89,77,0,0,0,1,0,0,0,1,0,0,NA,NA,NA,NA,NA,NA,NA,NA,NA,NA,NA,NA,NA,NA,NA,"NA"
"10526424",11.9,"Arizona National",2025-08-24,"white",65.8,13,4,9,-1,6,5,44,45,NA,NA,NA,NA,NA,89,77,0,0,0,0,1,0,0,0,1,0,NA,NA,NA,NA,NA,NA,NA,NA,NA,NA,NA,NA,NA,NA,NA,"NA"
"10526424",11.9,"Arizona National",2025-08-24,"white",65.8,14,4,7,-1,5,4,44,45,NA,NA,NA,NA,NA,89,77,0,0,0,1,0,0,0,1,0,0,NA,NA,NA,NA,NA,NA,NA,NA,NA,NA,NA,NA,NA,NA,NA,"NA"
"10526424",11.9,"Arizona National",2025-08-24,"white",65.8,15,4,5,0,4,4,44,45,NA,NA,NA,NA,NA,89,77,0,0,1,0,0,0,0,1,0,0,NA,NA,NA,NA,NA,NA,NA,NA,NA,NA,NA,NA,NA,NA,NA,"NA"
"10526424",11.9,"Arizona National",2025-08-24,"white",65.8,16,4,13,-1,5,4,44,45,NA,NA,NA,NA,NA,89,77,0,0,0,1,0,0,0,1,0,0,NA,NA,NA,NA,NA,NA,NA,NA,NA,NA,NA,NA,NA,NA,NA,"NA"
"10526424",11.9,"Arizona National",2025-08-24,"white",65.8,17,3,11,-1,4,3,44,45,NA,NA,NA,NA,NA,89,77,0,0,0,1,0,0,0,1,0,0,NA,NA,NA,NA,NA,NA,NA,NA,NA,NA,NA,NA,NA,NA,NA,"NA"
"10526424",11.9,"Arizona National",2025-08-24,"white",65.8,18,5,15,-1,5,4,44,45,NA,NA,NA,NA,NA,89,77,0,0,1,0,0,1,0,0,0,0,NA,NA,NA,NA,NA,NA,NA,NA,NA,NA,NA,NA,NA,NA,NA,"NA"
"10526424",14,"Dell Urich",2025-08-03,"white",67.8,1,4,9,0,5,5,39,33,5,10,31,9,0,72,65,0,0,0,1,0,0,0,0,1,0,1,3,2,0,4,6,2,18,13,1,6,3,0,0,0,"4"
"10526424",14,"Dell Urich",2025-08-03,"white",67.8,2,3,5,0,4,4,39,33,5,10,31,9,0,72,65,0,0,0,1,0,0,0,0,1,0,0,3,2,0,4,6,2,18,13,1,6,3,0,0,0,"7"
"10526424",14,"Dell Urich",2025-08-03,"white",67.8,3,5,13,-1,5,4,39,33,5,10,31,9,0,72,65,0,0,1,0,0,1,0,0,0,0,0,3,2,1,4,6,2,18,13,1,6,3,0,0,0,"D"
"10526424",14,"Dell Urich",2025-08-03,"white",67.8,4,4,17,-1,5,4,39,33,5,10,31,9,0,72,65,0,0,0,1,0,0,0,1,0,0,0,3,2,1,4,6,3,18,13,0,6,3,0,0,0,"D"
"10526424",14,"Dell Urich",2025-08-03,"white",67.8,5,3,11,0,4,4,39,33,5,10,31,9,0,72,65,0,0,0,1,0,0,0,0,1,0,0,3,2,0,4,6,2,18,13,1,6,3,0,0,0,"GW"
"10526424",14,"Dell Urich",2025-08-03,"white",67.8,6,5,15,-1,4,3,39,33,5,10,31,9,0,72,65,1,0,0,0,0,0,1,0,0,0,1,3,2,1,4,6,2,18,13,0,6,3,0,0,0,"D"
"10526424",14,"Dell Urich",2025-08-03,"white",67.8,7,4,1,0,5,5,39,33,5,10,31,9,0,72,65,0,0,0,1,0,0,0,0,1,0,0,3,2,0,4,6,2,18,13,1,6,3,0,0,0,"D"
"10526424",14,"Dell Urich",2025-08-03,"white",67.8,8,4,3,0,4,4,39,33,5,10,31,9,0,72,65,0,0,1,0,0,0,0,1,0,0,1,3,2,1,4,6,2,18,13,0,6,3,0,0,0,"D"
"10526424",14,"Dell Urich",2025-08-03,"white",67.8,9,3,7,0,3,3,39,33,5,10,31,9,0,72,65,0,0,1,0,0,0,0,1,0,0,0,3,2,0,4,6,1,18,13,1,6,3,0,0,0,"7"
"10526424",14,"Dell Urich",2025-08-03,"white",67.8,10,4,10,0,4,4,39,33,5,10,31,9,0,72,65,0,0,1,0,0,0,0,1,0,0,1,3,2,1,4,6,2,18,13,0,6,3,0,0,0,"4"
"10526424",14,"Dell Urich",2025-08-03,"white",67.8,11,3,16,-1,3,2,39,33,5,10,31,9,0,72,65,0,0,1,0,0,1,0,0,0,0,0,3,2,0,4,6,1,18,13,1,6,3,0,0,0,"7"
"10526424",14,"Dell Urich",2025-08-03,"white",67.8,12,4,6,0,3,3,39,33,5,10,31,9,0,72,65,1,0,0,0,0,1,0,0,0,0,0,3,2,1,4,6,1,18,13,0,6,3,0,0,0,"D"
"10526424",14,"Dell Urich",2025-08-03,"white",67.8,13,5,18,-1,5,4,39,33,5,10,31,9,0,72,65,0,0,1,0,0,1,0,0,0,0,0,3,2,0,4,6,1,18,13,1,6,3,0,0,0,"D"
"10526424",14,"Dell Urich",2025-08-03,"white",67.8,14,4,4,0,4,4,39,33,5,10,31,9,0,72,65,0,0,1,0,0,0,0,1,0,0,0,3,2,1,4,6,2,18,13,0,6,3,0,0,0,"D"
"10526424",14,"Dell Urich",2025-08-03,"white",67.8,15,4,14,-1,4,3,39,33,5,10,31,9,0,72,65,0,0,1,0,0,1,0,0,0,0,1,3,2,0,4,6,1,18,13,1,6,3,0,0,0,"D"
"10526424",14,"Dell Urich",2025-08-03,"white",67.8,16,4,8,0,4,4,39,33,5,10,31,9,0,72,65,0,0,1,0,0,0,0,1,0,0,0,3,2,1,4,6,2,18,13,0,6,3,0,0,0,"4"
"10526424",14,"Dell Urich",2025-08-03,"white",67.8,17,3,12,-1,3,2,39,33,5,10,31,9,0,72,65,0,0,1,0,0,1,0,0,0,0,0,3,2,1,4,6,2,18,13,0,6,3,0,0,0,"GW"
"10526424",14,"Dell Urich",2025-08-03,"white",67.8,18,4,2,0,3,3,39,33,5,10,31,9,0,72,65,1,0,0,0,0,1,0,0,0,0,0,3,2,1,4,6,1,18,13,0,6,3,0,0,0,"D"
"10526424",14,"Sewailo",2025-07-27,"white",68.9,1,4,8,0,6,6,44,44,NA,NA,NA,NA,NA,88,80,0,0,0,0,1,0,0,0,0,1,NA,NA,NA,NA,NA,NA,NA,NA,NA,NA,NA,NA,NA,NA,NA,"NA"
"10526424",14,"Sewailo",2025-07-27,"white",68.9,2,4,16,-1,4,3,44,44,NA,NA,NA,NA,NA,88,80,0,0,1,0,0,1,0,0,0,0,NA,NA,NA,NA,NA,NA,NA,NA,NA,NA,NA,NA,NA,NA,NA,"NA"
"10526424",14,"Sewailo",2025-07-27,"white",68.9,3,3,10,0,3,3,44,44,NA,NA,NA,NA,NA,88,80,0,0,1,0,0,0,0,1,0,0,NA,NA,NA,NA,NA,NA,NA,NA,NA,NA,NA,NA,NA,NA,NA,"NA"
"10526424",14,"Sewailo",2025-07-27,"white",68.9,4,4,2,0,7,7,44,44,NA,NA,NA,NA,NA,88,80,0,0,0,0,1,0,0,0,0,1,NA,NA,NA,NA,NA,NA,NA,NA,NA,NA,NA,NA,NA,NA,NA,"NA"
"10526424",14,"Sewailo",2025-07-27,"white",68.9,5,4,4,0,4,4,44,44,NA,NA,NA,NA,NA,88,80,0,0,1,0,0,0,0,1,0,0,NA,NA,NA,NA,NA,NA,NA,NA,NA,NA,NA,NA,NA,NA,NA,"NA"
"10526424",14,"Sewailo",2025-07-27,"white",68.9,6,5,18,-1,7,6,44,44,NA,NA,NA,NA,NA,88,80,0,0,0,0,1,0,0,0,1,0,NA,NA,NA,NA,NA,NA,NA,NA,NA,NA,NA,NA,NA,NA,NA,"NA"
"10526424",14,"Sewailo",2025-07-27,"white",68.9,7,3,12,-1,4,3,44,44,NA,NA,NA,NA,NA,88,80,0,0,0,1,0,0,0,1,0,0,NA,NA,NA,NA,NA,NA,NA,NA,NA,NA,NA,NA,NA,NA,NA,"NA"
"10526424",14,"Sewailo",2025-07-27,"white",68.9,8,5,14,-1,5,4,44,44,NA,NA,NA,NA,NA,88,80,0,0,1,0,0,1,0,0,0,0,NA,NA,NA,NA,NA,NA,NA,NA,NA,NA,NA,NA,NA,NA,NA,"NA"
"10526424",14,"Sewailo",2025-07-27,"white",68.9,9,4,6,0,4,4,44,44,NA,NA,NA,NA,NA,88,80,0,0,1,0,0,0,0,1,0,0,NA,NA,NA,NA,NA,NA,NA,NA,NA,NA,NA,NA,NA,NA,NA,"NA"
"10526424",14,"Sewailo",2025-07-27,"white",68.9,10,5,1,0,5,5,44,44,NA,NA,NA,NA,NA,88,80,0,0,1,0,0,0,0,1,0,0,NA,NA,NA,NA,NA,NA,NA,NA,NA,NA,NA,NA,NA,NA,NA,"NA"
"10526424",14,"Sewailo",2025-07-27,"white",68.9,11,4,3,0,5,5,44,44,NA,NA,NA,NA,NA,88,80,0,0,0,1,0,0,0,0,1,0,NA,NA,NA,NA,NA,NA,NA,NA,NA,NA,NA,NA,NA,NA,NA,"NA"
"10526424",14,"Sewailo",2025-07-27,"white",68.9,12,4,9,0,4,4,44,44,NA,NA,NA,NA,NA,88,80,0,0,1,0,0,0,0,1,0,0,NA,NA,NA,NA,NA,NA,NA,NA,NA,NA,NA,NA,NA,NA,NA,"NA"
"10526424",14,"Sewailo",2025-07-27,"white",68.9,13,3,13,-1,4,3,44,44,NA,NA,NA,NA,NA,88,80,0,0,0,1,0,0,0,1,0,0,NA,NA,NA,NA,NA,NA,NA,NA,NA,NA,NA,NA,NA,NA,NA,"NA"
"10526424",14,"Sewailo",2025-07-27,"white",68.9,14,5,7,0,5,5,44,44,NA,NA,NA,NA,NA,88,80,0,0,1,0,0,0,0,1,0,0,NA,NA,NA,NA,NA,NA,NA,NA,NA,NA,NA,NA,NA,NA,NA,"NA"
"10526424",14,"Sewailo",2025-07-27,"white",68.9,15,3,17,-1,4,3,44,44,NA,NA,NA,NA,NA,88,80,0,0,0,1,0,0,0,1,0,0,NA,NA,NA,NA,NA,NA,NA,NA,NA,NA,NA,NA,NA,NA,NA,"NA"
"10526424",14,"Sewailo",2025-07-27,"white",68.9,16,4,15,-1,6,5,44,44,NA,NA,NA,NA,NA,88,80,0,0,0,0,1,0,0,0,1,0,NA,NA,NA,NA,NA,NA,NA,NA,NA,NA,NA,NA,NA,NA,NA,"NA"
"10526424",14,"Sewailo",2025-07-27,"white",68.9,17,4,5,0,7,7,44,44,NA,NA,NA,NA,NA,88,80,0,0,0,0,1,0,0,0,0,1,NA,NA,NA,NA,NA,NA,NA,NA,NA,NA,NA,NA,NA,NA,NA,"NA"
"10526424",14,"Sewailo",2025-07-27,"white",68.9,18,4,11,-1,4,3,44,44,NA,NA,NA,NA,NA,88,80,0,0,1,0,0,1,0,0,0,0,NA,NA,NA,NA,NA,NA,NA,NA,NA,NA,NA,NA,NA,NA,NA,"NA"
"10526424",13.6,"Randolph North",2025-07-20,"white",69.8,1,4,7,0,5,5,46,43,NA,NA,NA,NA,NA,89,82,0,0,0,1,0,0,0,0,1,0,NA,NA,NA,NA,NA,NA,NA,NA,NA,NA,NA,NA,NA,NA,NA,"NA"
"10526424",13.6,"Randolph North",2025-07-20,"white",69.8,2,4,9,0,7,7,46,43,NA,NA,NA,NA,NA,89,82,0,0,0,0,1,0,0,0,0,1,NA,NA,NA,NA,NA,NA,NA,NA,NA,NA,NA,NA,NA,NA,NA,"NA"
"10526424",13.6,"Randolph North",2025-07-20,"white",69.8,3,5,11,0,4,4,46,43,NA,NA,NA,NA,NA,89,82,1,0,0,0,0,1,0,0,0,0,NA,NA,NA,NA,NA,NA,NA,NA,NA,NA,NA,NA,NA,NA,NA,"NA"
"10526424",13.6,"Randolph North",2025-07-20,"white",69.8,4,4,1,0,4,4,46,43,NA,NA,NA,NA,NA,89,82,0,0,1,0,0,0,0,1,0,0,NA,NA,NA,NA,NA,NA,NA,NA,NA,NA,NA,NA,NA,NA,NA,"NA"
"10526424",13.6,"Randolph North",2025-07-20,"white",69.8,5,4,3,0,5,5,46,43,NA,NA,NA,NA,NA,89,82,0,0,0,1,0,0,0,0,1,0,NA,NA,NA,NA,NA,NA,NA,NA,NA,NA,NA,NA,NA,NA,NA,"NA"
"10526424",13.6,"Randolph North",2025-07-20,"white",69.8,6,3,13,-1,6,5,46,43,NA,NA,NA,NA,NA,89,82,0,0,0,0,1,0,0,0,0,1,NA,NA,NA,NA,NA,NA,NA,NA,NA,NA,NA,NA,NA,NA,NA,"NA"
"10526424",13.6,"Randolph North",2025-07-20,"white",69.8,7,4,15,-1,6,5,46,43,NA,NA,NA,NA,NA,89,82,0,0,0,0,1,0,0,0,1,0,NA,NA,NA,NA,NA,NA,NA,NA,NA,NA,NA,NA,NA,NA,NA,"NA"
"10526424",13.6,"Randolph North",2025-07-20,"white",69.8,8,3,5,0,5,5,46,43,NA,NA,NA,NA,NA,89,82,0,0,0,0,1,0,0,0,0,1,NA,NA,NA,NA,NA,NA,NA,NA,NA,NA,NA,NA,NA,NA,NA,"NA"
"10526424",13.6,"Randolph North",2025-07-20,"white",69.8,9,5,17,-1,4,3,46,43,NA,NA,NA,NA,NA,89,82,1,0,0,0,0,0,1,0,0,0,NA,NA,NA,NA,NA,NA,NA,NA,NA,NA,NA,NA,NA,NA,NA,"NA"
"10526424",13.6,"Randolph North",2025-07-20,"white",69.8,10,4,2,0,5,5,46,43,NA,NA,NA,NA,NA,89,82,0,0,0,1,0,0,0,0,1,0,NA,NA,NA,NA,NA,NA,NA,NA,NA,NA,NA,NA,NA,NA,NA,"NA"
"10526424",13.6,"Randolph North",2025-07-20,"white",69.8,11,3,14,-1,4,3,46,43,NA,NA,NA,NA,NA,89,82,0,0,0,1,0,0,0,1,0,0,NA,NA,NA,NA,NA,NA,NA,NA,NA,NA,NA,NA,NA,NA,NA,"NA"
"10526424",13.6,"Randolph North",2025-07-20,"white",69.8,12,4,10,0,5,5,46,43,NA,NA,NA,NA,NA,89,82,0,0,0,1,0,0,0,0,1,0,NA,NA,NA,NA,NA,NA,NA,NA,NA,NA,NA,NA,NA,NA,NA,"NA"
"10526424",13.6,"Randolph North",2025-07-20,"white",69.8,13,5,16,-1,4,3,46,43,NA,NA,NA,NA,NA,89,82,1,0,0,0,0,0,1,0,0,0,NA,NA,NA,NA,NA,NA,NA,NA,NA,NA,NA,NA,NA,NA,NA,"NA"
"10526424",13.6,"Randolph North",2025-07-20,"white",69.8,14,4,8,0,4,4,46,43,NA,NA,NA,NA,NA,89,82,0,0,1,0,0,0,0,1,0,0,NA,NA,NA,NA,NA,NA,NA,NA,NA,NA,NA,NA,NA,NA,NA,"NA"
"10526424",13.6,"Randolph North",2025-07-20,"white",69.8,15,3,6,0,5,5,46,43,NA,NA,NA,NA,NA,89,82,0,0,0,0,1,0,0,0,0,1,NA,NA,NA,NA,NA,NA,NA,NA,NA,NA,NA,NA,NA,NA,NA,"NA"
"10526424",13.6,"Randolph North",2025-07-20,"white",69.8,16,5,18,-1,4,3,46,43,NA,NA,NA,NA,NA,89,82,1,0,0,0,0,0,1,0,0,0,NA,NA,NA,NA,NA,NA,NA,NA,NA,NA,NA,NA,NA,NA,NA,"NA"
"10526424",13.6,"Randolph North",2025-07-20,"white",69.8,17,4,12,-1,6,5,46,43,NA,NA,NA,NA,NA,89,82,0,0,0,0,1,0,0,0,1,0,NA,NA,NA,NA,NA,NA,NA,NA,NA,NA,NA,NA,NA,NA,NA,"NA"
"10526424",13.6,"Randolph North",2025-07-20,"white",69.8,18,4,4,0,6,6,46,43,NA,NA,NA,NA,NA,89,82,0,0,0,0,1,0,0,0,0,1,NA,NA,NA,NA,NA,NA,NA,NA,NA,NA,NA,NA,NA,NA,NA,"NA"
"10526424",13.3,"Randolph North",2025-07-13,"white",69.8,1,4,7,0,5,5,41,43,10,3,28,NA,0,84,77,0,0,0,1,0,0,0,0,1,0,1,5,5,0,2,1,1,13,15,NA,NA,NA,0,0,0,"4"
"10526424",13.3,"Randolph North",2025-07-13,"white",69.8,2,4,9,0,5,5,41,43,10,3,28,NA,0,84,77,0,0,0,1,0,0,0,0,1,0,1,5,5,0,2,1,2,13,15,NA,NA,NA,0,0,0,"4"
"10526424",13.3,"Randolph North",2025-07-13,"white",69.8,3,5,11,0,6,6,41,43,10,3,28,NA,0,84,77,0,0,0,1,0,0,0,0,1,0,0,5,5,0,2,1,1,13,15,NA,NA,NA,0,0,0,"D"
"10526424",13.3,"Randolph North",2025-07-13,"white",69.8,4,4,1,0,5,5,41,43,10,3,28,NA,0,84,77,0,0,0,1,0,0,0,0,1,0,1,5,5,0,2,1,2,13,15,NA,NA,NA,0,0,0,"D"
"10526424",13.3,"Randolph North",2025-07-13,"white",69.8,5,4,3,0,5,5,41,43,10,3,28,NA,0,84,77,0,0,0,1,0,0,0,0,1,0,0,5,5,0,2,1,2,13,15,NA,NA,NA,0,0,0,"D"
"10526424",13.3,"Randolph North",2025-07-13,"white",69.8,6,3,13,-1,3,2,41,43,10,3,28,NA,0,84,77,0,0,1,0,0,1,0,0,0,0,0,5,5,0,2,1,1,13,15,NA,NA,NA,0,0,0,"GW"
"10526424",13.3,"Randolph North",2025-07-13,"white",69.8,7,4,15,-1,4,3,41,43,10,3,28,NA,0,84,77,0,0,1,0,0,1,0,0,0,0,1,5,5,1,2,1,2,13,15,NA,NA,NA,0,0,0,"D"
"10526424",13.3,"Randolph North",2025-07-13,"white",69.8,8,3,5,0,4,4,41,43,10,3,28,NA,0,84,77,0,0,0,1,0,0,0,0,1,0,0,5,5,0,2,1,1,13,15,NA,NA,NA,0,0,0,"7"
"10526424",13.3,"Randolph North",2025-07-13,"white",69.8,9,5,17,-1,4,3,41,43,10,3,28,NA,0,84,77,1,0,0,0,0,0,1,0,0,0,1,5,5,1,2,1,1,13,15,NA,NA,NA,0,0,0,"D"
"10526424",13.3,"Randolph North",2025-07-13,"white",69.8,10,4,2,0,5,5,41,43,10,3,28,NA,0,84,77,0,0,0,1,0,0,0,0,1,0,1,5,5,0,2,1,1,13,15,NA,NA,NA,0,0,0,"D"
"10526424",13.3,"Randolph North",2025-07-13,"white",69.8,11,3,14,-1,4,3,41,43,10,3,28,NA,0,84,77,0,0,0,1,0,0,0,1,0,0,0,5,5,0,2,1,2,13,15,NA,NA,NA,0,0,0,"6"
"10526424",13.3,"Randolph North",2025-07-13,"white",69.8,12,4,10,0,5,5,41,43,10,3,28,NA,0,84,77,0,0,0,1,0,0,0,0,1,0,1,5,5,0,2,1,2,13,15,NA,NA,NA,0,0,0,"D"
"10526424",13.3,"Randolph North",2025-07-13,"white",69.8,13,5,16,-1,5,4,41,43,10,3,28,NA,0,84,77,0,0,1,0,0,1,0,0,0,0,1,5,5,0,2,1,1,13,15,NA,NA,NA,0,0,0,"D"
"10526424",13.3,"Randolph North",2025-07-13,"white",69.8,14,4,8,0,5,5,41,43,10,3,28,NA,0,84,77,0,0,0,1,0,0,0,0,1,0,0,5,5,0,2,1,2,13,15,NA,NA,NA,0,0,0,"D"
"10526424",13.3,"Randolph North",2025-07-13,"white",69.8,15,3,6,0,4,4,41,43,10,3,28,NA,0,84,77,0,0,0,1,0,0,0,0,1,0,0,5,5,0,2,1,2,13,15,NA,NA,NA,0,0,0,"7"
"10526424",13.3,"Randolph North",2025-07-13,"white",69.8,16,5,18,-1,6,5,41,43,10,3,28,NA,0,84,77,0,0,0,1,0,0,0,1,0,0,0,5,5,0,2,1,2,13,15,NA,NA,NA,0,0,0,"D"
"10526424",13.3,"Randolph North",2025-07-13,"white",69.8,17,4,12,-1,3,2,41,43,10,3,28,NA,0,84,77,1,0,0,0,0,0,1,0,0,0,1,5,5,1,2,1,1,13,15,NA,NA,NA,0,0,0,"D"
"10526424",13.3,"Randolph North",2025-07-13,"white",69.8,18,4,4,0,6,6,41,43,10,3,28,NA,0,84,77,0,0,0,0,1,0,0,0,0,1,1,5,5,0,2,1,2,13,15,NA,NA,NA,0,0,0,"D"
"10526424",12.9,"Randolph North",2025-06-22,"white",69.8,1,4,7,0,5,5,42,45,NA,NA,NA,NA,NA,87,79,0,0,0,1,0,0,0,0,1,0,NA,NA,NA,NA,NA,NA,NA,NA,NA,NA,NA,NA,NA,NA,NA,"NA"
"10526424",12.9,"Randolph North",2025-06-22,"white",69.8,2,4,9,0,4,4,42,45,NA,NA,NA,NA,NA,87,79,0,0,1,0,0,0,0,1,0,0,NA,NA,NA,NA,NA,NA,NA,NA,NA,NA,NA,NA,NA,NA,NA,"NA"
"10526424",12.9,"Randolph North",2025-06-22,"white",69.8,3,5,11,-1,5,4,42,45,NA,NA,NA,NA,NA,87,79,0,0,1,0,0,1,0,0,0,0,NA,NA,NA,NA,NA,NA,NA,NA,NA,NA,NA,NA,NA,NA,NA,"NA"
"10526424",12.9,"Randolph North",2025-06-22,"white",69.8,4,4,1,0,4,4,42,45,NA,NA,NA,NA,NA,87,79,0,0,1,0,0,0,0,1,0,0,NA,NA,NA,NA,NA,NA,NA,NA,NA,NA,NA,NA,NA,NA,NA,"NA"
"10526424",12.9,"Randolph North",2025-06-22,"white",69.8,5,4,3,0,4,4,42,45,NA,NA,NA,NA,NA,87,79,0,0,1,0,0,0,0,1,0,0,NA,NA,NA,NA,NA,NA,NA,NA,NA,NA,NA,NA,NA,NA,NA,"NA"
"10526424",12.9,"Randolph North",2025-06-22,"white",69.8,6,3,13,-1,4,3,42,45,NA,NA,NA,NA,NA,87,79,0,0,0,1,0,0,0,1,0,0,NA,NA,NA,NA,NA,NA,NA,NA,NA,NA,NA,NA,NA,NA,NA,"NA"
"10526424",12.9,"Randolph North",2025-06-22,"white",69.8,7,4,15,-1,5,4,42,45,NA,NA,NA,NA,NA,87,79,0,0,0,1,0,0,0,1,0,0,NA,NA,NA,NA,NA,NA,NA,NA,NA,NA,NA,NA,NA,NA,NA,"NA"
"10526424",12.9,"Randolph North",2025-06-22,"white",69.8,8,3,5,0,4,4,42,45,NA,NA,NA,NA,NA,87,79,0,0,0,1,0,0,0,0,1,0,NA,NA,NA,NA,NA,NA,NA,NA,NA,NA,NA,NA,NA,NA,NA,"NA"
"10526424",12.9,"Randolph North",2025-06-22,"white",69.8,9,5,17,-1,7,6,42,45,NA,NA,NA,NA,NA,87,79,0,0,0,0,1,0,0,0,1,0,NA,NA,NA,NA,NA,NA,NA,NA,NA,NA,NA,NA,NA,NA,NA,"NA"
"10526424",12.9,"Randolph North",2025-06-22,"white",69.8,10,4,2,0,5,5,42,45,NA,NA,NA,NA,NA,87,79,0,0,0,1,0,0,0,0,1,0,NA,NA,NA,NA,NA,NA,NA,NA,NA,NA,NA,NA,NA,NA,NA,"NA"
"10526424",12.9,"Randolph North",2025-06-22,"white",69.8,11,3,14,-1,4,3,42,45,NA,NA,NA,NA,NA,87,79,0,0,0,1,0,0,0,1,0,0,NA,NA,NA,NA,NA,NA,NA,NA,NA,NA,NA,NA,NA,NA,NA,"NA"
"10526424",12.9,"Randolph North",2025-06-22,"white",69.8,12,4,10,0,4,4,42,45,NA,NA,NA,NA,NA,87,79,0,0,1,0,0,0,0,1,0,0,NA,NA,NA,NA,NA,NA,NA,NA,NA,NA,NA,NA,NA,NA,NA,"NA"
"10526424",12.9,"Randolph North",2025-06-22,"white",69.8,13,5,16,-1,5,4,42,45,NA,NA,NA,NA,NA,87,79,0,0,1,0,0,1,0,0,0,0,NA,NA,NA,NA,NA,NA,NA,NA,NA,NA,NA,NA,NA,NA,NA,"NA"
"10526424",12.9,"Randolph North",2025-06-22,"white",69.8,14,4,8,0,5,5,42,45,NA,NA,NA,NA,NA,87,79,0,0,0,1,0,0,0,0,1,0,NA,NA,NA,NA,NA,NA,NA,NA,NA,NA,NA,NA,NA,NA,NA,"NA"
"10526424",12.9,"Randolph North",2025-06-22,"white",69.8,15,3,6,0,5,5,42,45,NA,NA,NA,NA,NA,87,79,0,0,0,0,1,0,0,0,0,1,NA,NA,NA,NA,NA,NA,NA,NA,NA,NA,NA,NA,NA,NA,NA,"NA"
"10526424",12.9,"Randolph North",2025-06-22,"white",69.8,16,5,18,-1,7,6,42,45,NA,NA,NA,NA,NA,87,79,0,0,0,0,1,0,0,0,1,0,NA,NA,NA,NA,NA,NA,NA,NA,NA,NA,NA,NA,NA,NA,NA,"NA"
"10526424",12.9,"Randolph North",2025-06-22,"white",69.8,17,4,12,-1,5,4,42,45,NA,NA,NA,NA,NA,87,79,0,0,0,1,0,0,0,1,0,0,NA,NA,NA,NA,NA,NA,NA,NA,NA,NA,NA,NA,NA,NA,NA,"NA"
"10526424",12.9,"Randolph North",2025-06-22,"white",69.8,18,4,4,0,5,5,42,45,NA,NA,NA,NA,NA,87,79,0,0,0,1,0,0,0,0,1,0,NA,NA,NA,NA,NA,NA,NA,NA,NA,NA,NA,NA,NA,NA,NA,"NA"
"10526424",12.1,"Dell Urich",2025-06-08,"white",67.8,1,4,9,0,6,6,42,46,NA,NA,NA,NA,NA,88,79,0,0,0,0,1,0,0,0,0,1,NA,NA,NA,NA,NA,NA,NA,NA,NA,NA,NA,NA,NA,NA,NA,"NA"
"10526424",12.1,"Dell Urich",2025-06-08,"white",67.8,2,3,5,0,3,3,42,46,NA,NA,NA,NA,NA,88,79,0,0,1,0,0,0,0,1,0,0,NA,NA,NA,NA,NA,NA,NA,NA,NA,NA,NA,NA,NA,NA,NA,"NA"
"10526424",12.1,"Dell Urich",2025-06-08,"white",67.8,3,5,13,-1,6,5,42,46,NA,NA,NA,NA,NA,88,79,0,0,0,1,0,0,0,1,0,0,NA,NA,NA,NA,NA,NA,NA,NA,NA,NA,NA,NA,NA,NA,NA,"NA"
"10526424",12.1,"Dell Urich",2025-06-08,"white",67.8,4,4,17,-1,5,4,42,46,NA,NA,NA,NA,NA,88,79,0,0,0,1,0,0,0,1,0,0,NA,NA,NA,NA,NA,NA,NA,NA,NA,NA,NA,NA,NA,NA,NA,"NA"
"10526424",12.1,"Dell Urich",2025-06-08,"white",67.8,5,3,11,-1,4,3,42,46,NA,NA,NA,NA,NA,88,79,0,0,0,1,0,0,0,1,0,0,NA,NA,NA,NA,NA,NA,NA,NA,NA,NA,NA,NA,NA,NA,NA,"NA"
"10526424",12.1,"Dell Urich",2025-06-08,"white",67.8,6,5,15,-1,7,6,42,46,NA,NA,NA,NA,NA,88,79,0,0,0,0,1,0,0,0,1,0,NA,NA,NA,NA,NA,NA,NA,NA,NA,NA,NA,NA,NA,NA,NA,"NA"
"10526424",12.1,"Dell Urich",2025-06-08,"white",67.8,7,4,1,0,4,4,42,46,NA,NA,NA,NA,NA,88,79,0,0,1,0,0,0,0,1,0,0,NA,NA,NA,NA,NA,NA,NA,NA,NA,NA,NA,NA,NA,NA,NA,"NA"
"10526424",12.1,"Dell Urich",2025-06-08,"white",67.8,8,4,3,0,4,4,42,46,NA,NA,NA,NA,NA,88,79,0,0,1,0,0,0,0,1,0,0,NA,NA,NA,NA,NA,NA,NA,NA,NA,NA,NA,NA,NA,NA,NA,"NA"
"10526424",12.1,"Dell Urich",2025-06-08,"white",67.8,9,3,7,0,3,3,42,46,NA,NA,NA,NA,NA,88,79,0,0,1,0,0,0,0,1,0,0,NA,NA,NA,NA,NA,NA,NA,NA,NA,NA,NA,NA,NA,NA,NA,"NA"
"10526424",12.1,"Dell Urich",2025-06-08,"white",67.8,10,4,10,-1,5,4,42,46,NA,NA,NA,NA,NA,88,79,0,0,0,1,0,0,0,1,0,0,NA,NA,NA,NA,NA,NA,NA,NA,NA,NA,NA,NA,NA,NA,NA,"NA"
"10526424",12.1,"Dell Urich",2025-06-08,"white",67.8,11,3,16,-1,2,1,42,46,NA,NA,NA,NA,NA,88,79,1,0,0,0,0,0,1,0,0,0,NA,NA,NA,NA,NA,NA,NA,NA,NA,NA,NA,NA,NA,NA,NA,"NA"
"10526424",12.1,"Dell Urich",2025-06-08,"white",67.8,12,4,6,0,5,5,42,46,NA,NA,NA,NA,NA,88,79,0,0,0,1,0,0,0,0,1,0,NA,NA,NA,NA,NA,NA,NA,NA,NA,NA,NA,NA,NA,NA,NA,"NA"
"10526424",12.1,"Dell Urich",2025-06-08,"white",67.8,13,5,18,-1,7,6,42,46,NA,NA,NA,NA,NA,88,79,0,0,0,0,1,0,0,0,1,0,NA,NA,NA,NA,NA,NA,NA,NA,NA,NA,NA,NA,NA,NA,NA,"NA"
"10526424",12.1,"Dell Urich",2025-06-08,"white",67.8,14,4,4,0,6,6,42,46,NA,NA,NA,NA,NA,88,79,0,0,0,0,1,0,0,0,0,1,NA,NA,NA,NA,NA,NA,NA,NA,NA,NA,NA,NA,NA,NA,NA,"NA"
"10526424",12.1,"Dell Urich",2025-06-08,"white",67.8,15,4,14,-1,5,4,42,46,NA,NA,NA,NA,NA,88,79,0,0,0,1,0,0,0,1,0,0,NA,NA,NA,NA,NA,NA,NA,NA,NA,NA,NA,NA,NA,NA,NA,"NA"
"10526424",12.1,"Dell Urich",2025-06-08,"white",67.8,16,4,8,0,4,4,42,46,NA,NA,NA,NA,NA,88,79,0,0,1,0,0,0,0,1,0,0,NA,NA,NA,NA,NA,NA,NA,NA,NA,NA,NA,NA,NA,NA,NA,"NA"
"10526424",12.1,"Dell Urich",2025-06-08,"white",67.8,17,3,12,-1,7,6,42,46,NA,NA,NA,NA,NA,88,79,0,0,0,0,1,0,0,0,0,1,NA,NA,NA,NA,NA,NA,NA,NA,NA,NA,NA,NA,NA,NA,NA,"NA"
"10526424",12.1,"Dell Urich",2025-06-08,"white",67.8,18,4,2,0,5,5,42,46,NA,NA,NA,NA,NA,88,79,0,0,0,1,0,0,0,0,1,0,NA,NA,NA,NA,NA,NA,NA,NA,NA,NA,NA,NA,NA,NA,NA,"NA"
"10526424",11.8,"Silverbell",2025-06-01,"white",68.9,1,4,5,0,6,6,46,47,NA,NA,NA,NA,NA,93,83,0,0,0,0,1,0,0,0,0,1,NA,NA,NA,NA,NA,NA,NA,NA,NA,NA,NA,NA,NA,NA,NA,"NA"
"10526424",11.8,"Silverbell",2025-06-01,"white",68.9,2,5,3,0,6,6,46,47,NA,NA,NA,NA,NA,93,83,0,0,0,1,0,0,0,0,1,0,NA,NA,NA,NA,NA,NA,NA,NA,NA,NA,NA,NA,NA,NA,NA,"NA"
"10526424",11.8,"Silverbell",2025-06-01,"white",68.9,3,3,17,-1,4,3,46,47,NA,NA,NA,NA,NA,93,83,0,0,0,1,0,0,0,1,0,0,NA,NA,NA,NA,NA,NA,NA,NA,NA,NA,NA,NA,NA,NA,NA,"NA"
"10526424",11.8,"Silverbell",2025-06-01,"white",68.9,4,4,9,-1,5,4,46,47,NA,NA,NA,NA,NA,93,83,0,0,0,1,0,0,0,1,0,0,NA,NA,NA,NA,NA,NA,NA,NA,NA,NA,NA,NA,NA,NA,NA,"NA"
"10526424",11.8,"Silverbell",2025-06-01,"white",68.9,5,4,13,-1,6,5,46,47,NA,NA,NA,NA,NA,93,83,0,0,0,0,1,0,0,0,1,0,NA,NA,NA,NA,NA,NA,NA,NA,NA,NA,NA,NA,NA,NA,NA,"NA"
"10526424",11.8,"Silverbell",2025-06-01,"white",68.9,6,3,11,-1,3,2,46,47,NA,NA,NA,NA,NA,93,83,0,0,1,0,0,1,0,0,0,0,NA,NA,NA,NA,NA,NA,NA,NA,NA,NA,NA,NA,NA,NA,NA,"NA"
"10526424",11.8,"Silverbell",2025-06-01,"white",68.9,7,5,1,0,5,5,46,47,NA,NA,NA,NA,NA,93,83,0,0,1,0,0,0,0,1,0,0,NA,NA,NA,NA,NA,NA,NA,NA,NA,NA,NA,NA,NA,NA,NA,"NA"
"10526424",11.8,"Silverbell",2025-06-01,"white",68.9,8,4,7,0,5,5,46,47,NA,NA,NA,NA,NA,93,83,0,0,0,1,0,0,0,0,1,0,NA,NA,NA,NA,NA,NA,NA,NA,NA,NA,NA,NA,NA,NA,NA,"NA"
"10526424",11.8,"Silverbell",2025-06-01,"white",68.9,9,3,15,-1,6,5,46,47,NA,NA,NA,NA,NA,93,83,0,0,0,0,1,0,0,0,0,1,NA,NA,NA,NA,NA,NA,NA,NA,NA,NA,NA,NA,NA,NA,NA,"NA"
"10526424",11.8,"Silverbell",2025-06-01,"white",68.9,10,4,14,-1,4,3,46,47,NA,NA,NA,NA,NA,93,83,0,0,1,0,0,1,0,0,0,0,NA,NA,NA,NA,NA,NA,NA,NA,NA,NA,NA,NA,NA,NA,NA,"NA"
"10526424",11.8,"Silverbell",2025-06-01,"white",68.9,11,4,10,-1,6,5,46,47,NA,NA,NA,NA,NA,93,83,0,0,0,0,1,0,0,0,1,0,NA,NA,NA,NA,NA,NA,NA,NA,NA,NA,NA,NA,NA,NA,NA,"NA"
"10526424",11.8,"Silverbell",2025-06-01,"white",68.9,12,3,18,-1,4,3,46,47,NA,NA,NA,NA,NA,93,83,0,0,0,1,0,0,0,1,0,0,NA,NA,NA,NA,NA,NA,NA,NA,NA,NA,NA,NA,NA,NA,NA,"NA"
"10526424",11.8,"Silverbell",2025-06-01,"white",68.9,13,4,8,0,5,5,46,47,NA,NA,NA,NA,NA,93,83,0,0,0,1,0,0,0,0,1,0,NA,NA,NA,NA,NA,NA,NA,NA,NA,NA,NA,NA,NA,NA,NA,"NA"
"10526424",11.8,"Silverbell",2025-06-01,"white",68.9,14,4,4,0,5,5,46,47,NA,NA,NA,NA,NA,93,83,0,0,0,1,0,0,0,0,1,0,NA,NA,NA,NA,NA,NA,NA,NA,NA,NA,NA,NA,NA,NA,NA,"NA"
"10526424",11.8,"Silverbell",2025-06-01,"white",68.9,15,4,16,-1,5,4,46,47,NA,NA,NA,NA,NA,93,83,0,0,0,1,0,0,0,1,0,0,NA,NA,NA,NA,NA,NA,NA,NA,NA,NA,NA,NA,NA,NA,NA,"NA"
"10526424",11.8,"Silverbell",2025-06-01,"white",68.9,16,3,12,-1,5,4,46,47,NA,NA,NA,NA,NA,93,83,0,0,0,0,1,0,0,0,1,0,NA,NA,NA,NA,NA,NA,NA,NA,NA,NA,NA,NA,NA,NA,NA,"NA"
"10526424",11.8,"Silverbell",2025-06-01,"white",68.9,17,4,6,0,6,6,46,47,NA,NA,NA,NA,NA,93,83,0,0,0,0,1,0,0,0,0,1,NA,NA,NA,NA,NA,NA,NA,NA,NA,NA,NA,NA,NA,NA,NA,"NA"
"10526424",11.8,"Silverbell",2025-06-01,"white",68.9,18,5,2,0,7,7,46,47,NA,NA,NA,NA,NA,93,83,0,0,0,0,1,0,0,0,0,1,NA,NA,NA,NA,NA,NA,NA,NA,NA,NA,NA,NA,NA,NA,NA,"NA"
"10526424",11.3,"Dell Urich",2025-05-18,"white",67.8,1,4,9,0,6,6,46,44,NA,NA,NA,NA,NA,90,81,0,0,0,0,1,0,0,0,0,1,NA,NA,NA,NA,NA,NA,NA,NA,NA,NA,NA,NA,NA,NA,NA,"NA"
"10526424",11.3,"Dell Urich",2025-05-18,"white",67.8,2,3,5,0,5,5,46,44,NA,NA,NA,NA,NA,90,81,0,0,0,0,1,0,0,0,0,1,NA,NA,NA,NA,NA,NA,NA,NA,NA,NA,NA,NA,NA,NA,NA,"NA"
"10526424",11.3,"Dell Urich",2025-05-18,"white",67.8,3,5,13,-1,5,4,46,44,NA,NA,NA,NA,NA,90,81,0,0,1,0,0,1,0,0,0,0,NA,NA,NA,NA,NA,NA,NA,NA,NA,NA,NA,NA,NA,NA,NA,"NA"
"10526424",11.3,"Dell Urich",2025-05-18,"white",67.8,4,4,17,-1,5,4,46,44,NA,NA,NA,NA,NA,90,81,0,0,0,1,0,0,0,1,0,0,NA,NA,NA,NA,NA,NA,NA,NA,NA,NA,NA,NA,NA,NA,NA,"NA"
"10526424",11.3,"Dell Urich",2025-05-18,"white",67.8,5,3,11,-1,4,3,46,44,NA,NA,NA,NA,NA,90,81,0,0,0,1,0,0,0,1,0,0,NA,NA,NA,NA,NA,NA,NA,NA,NA,NA,NA,NA,NA,NA,NA,"NA"
"10526424",11.3,"Dell Urich",2025-05-18,"white",67.8,6,5,15,-1,7,6,46,44,NA,NA,NA,NA,NA,90,81,0,0,0,0,1,0,0,0,1,0,NA,NA,NA,NA,NA,NA,NA,NA,NA,NA,NA,NA,NA,NA,NA,"NA"
"10526424",11.3,"Dell Urich",2025-05-18,"white",67.8,7,4,1,0,5,5,46,44,NA,NA,NA,NA,NA,90,81,0,0,0,1,0,0,0,0,1,0,NA,NA,NA,NA,NA,NA,NA,NA,NA,NA,NA,NA,NA,NA,NA,"NA"
"10526424",11.3,"Dell Urich",2025-05-18,"white",67.8,8,4,3,0,6,6,46,44,NA,NA,NA,NA,NA,90,81,0,0,0,0,1,0,0,0,0,1,NA,NA,NA,NA,NA,NA,NA,NA,NA,NA,NA,NA,NA,NA,NA,"NA"
"10526424",11.3,"Dell Urich",2025-05-18,"white",67.8,9,3,7,0,3,3,46,44,NA,NA,NA,NA,NA,90,81,0,0,1,0,0,0,0,1,0,0,NA,NA,NA,NA,NA,NA,NA,NA,NA,NA,NA,NA,NA,NA,NA,"NA"
"10526424",11.3,"Dell Urich",2025-05-18,"white",67.8,10,4,10,-1,5,4,46,44,NA,NA,NA,NA,NA,90,81,0,0,0,1,0,0,0,1,0,0,NA,NA,NA,NA,NA,NA,NA,NA,NA,NA,NA,NA,NA,NA,NA,"NA"
"10526424",11.3,"Dell Urich",2025-05-18,"white",67.8,11,3,16,-1,3,2,46,44,NA,NA,NA,NA,NA,90,81,0,0,1,0,0,1,0,0,0,0,NA,NA,NA,NA,NA,NA,NA,NA,NA,NA,NA,NA,NA,NA,NA,"NA"
"10526424",11.3,"Dell Urich",2025-05-18,"white",67.8,12,4,6,0,5,5,46,44,NA,NA,NA,NA,NA,90,81,0,0,0,1,0,0,0,0,1,0,NA,NA,NA,NA,NA,NA,NA,NA,NA,NA,NA,NA,NA,NA,NA,"NA"
"10526424",11.3,"Dell Urich",2025-05-18,"white",67.8,13,5,18,-1,5,4,46,44,NA,NA,NA,NA,NA,90,81,0,0,1,0,0,1,0,0,0,0,NA,NA,NA,NA,NA,NA,NA,NA,NA,NA,NA,NA,NA,NA,NA,"NA"
"10526424",11.3,"Dell Urich",2025-05-18,"white",67.8,14,4,4,0,6,6,46,44,NA,NA,NA,NA,NA,90,81,0,0,0,0,1,0,0,0,0,1,NA,NA,NA,NA,NA,NA,NA,NA,NA,NA,NA,NA,NA,NA,NA,"NA"
"10526424",11.3,"Dell Urich",2025-05-18,"white",67.8,15,4,14,-1,5,4,46,44,NA,NA,NA,NA,NA,90,81,0,0,0,1,0,0,0,1,0,0,NA,NA,NA,NA,NA,NA,NA,NA,NA,NA,NA,NA,NA,NA,NA,"NA"
"10526424",11.3,"Dell Urich",2025-05-18,"white",67.8,16,4,8,0,6,6,46,44,NA,NA,NA,NA,NA,90,81,0,0,0,0,1,0,0,0,0,1,NA,NA,NA,NA,NA,NA,NA,NA,NA,NA,NA,NA,NA,NA,NA,"NA"
"10526424",11.3,"Dell Urich",2025-05-18,"white",67.8,17,3,12,-1,3,2,46,44,NA,NA,NA,NA,NA,90,81,0,0,1,0,0,1,0,0,0,0,NA,NA,NA,NA,NA,NA,NA,NA,NA,NA,NA,NA,NA,NA,NA,"NA"
"10526424",11.3,"Dell Urich",2025-05-18,"white",67.8,18,4,2,0,6,6,46,44,NA,NA,NA,NA,NA,90,81,0,0,0,0,1,0,0,0,0,1,NA,NA,NA,NA,NA,NA,NA,NA,NA,NA,NA,NA,NA,NA,NA,"NA"
"10526424",11.3,"Randolph North",2025-05-04,"white",69.8,1,4,7,0,6,6,48,40,NA,NA,NA,NA,NA,88,79,0,0,0,0,1,0,0,0,0,1,NA,NA,NA,NA,NA,NA,NA,NA,NA,NA,NA,NA,NA,NA,NA,"NA"
"10526424",11.3,"Randolph North",2025-05-04,"white",69.8,2,4,9,0,5,5,48,40,NA,NA,NA,NA,NA,88,79,0,0,0,1,0,0,0,0,1,0,NA,NA,NA,NA,NA,NA,NA,NA,NA,NA,NA,NA,NA,NA,NA,"NA"
"10526424",11.3,"Randolph North",2025-05-04,"white",69.8,3,5,11,-1,5,4,48,40,NA,NA,NA,NA,NA,88,79,0,0,1,0,0,1,0,0,0,0,NA,NA,NA,NA,NA,NA,NA,NA,NA,NA,NA,NA,NA,NA,NA,"NA"
"10526424",11.3,"Randolph North",2025-05-04,"white",69.8,4,4,1,0,5,5,48,40,NA,NA,NA,NA,NA,88,79,0,0,0,1,0,0,0,0,1,0,NA,NA,NA,NA,NA,NA,NA,NA,NA,NA,NA,NA,NA,NA,NA,"NA"
"10526424",11.3,"Randolph North",2025-05-04,"white",69.8,5,4,3,0,7,7,48,40,NA,NA,NA,NA,NA,88,79,0,0,0,0,1,0,0,0,0,1,NA,NA,NA,NA,NA,NA,NA,NA,NA,NA,NA,NA,NA,NA,NA,"NA"
"10526424",11.3,"Randolph North",2025-05-04,"white",69.8,6,3,13,-1,4,3,48,40,NA,NA,NA,NA,NA,88,79,0,0,0,1,0,0,0,1,0,0,NA,NA,NA,NA,NA,NA,NA,NA,NA,NA,NA,NA,NA,NA,NA,"NA"
"10526424",11.3,"Randolph North",2025-05-04,"white",69.8,7,4,15,-1,6,5,48,40,NA,NA,NA,NA,NA,88,79,0,0,0,0,1,0,0,0,1,0,NA,NA,NA,NA,NA,NA,NA,NA,NA,NA,NA,NA,NA,NA,NA,"NA"
"10526424",11.3,"Randolph North",2025-05-04,"white",69.8,8,3,5,0,4,4,48,40,NA,NA,NA,NA,NA,88,79,0,0,0,1,0,0,0,0,1,0,NA,NA,NA,NA,NA,NA,NA,NA,NA,NA,NA,NA,NA,NA,NA,"NA"
"10526424",11.3,"Randolph North",2025-05-04,"white",69.8,9,5,17,-1,6,5,48,40,NA,NA,NA,NA,NA,88,79,0,0,0,1,0,0,0,1,0,0,NA,NA,NA,NA,NA,NA,NA,NA,NA,NA,NA,NA,NA,NA,NA,"NA"
"10526424",11.3,"Randolph North",2025-05-04,"white",69.8,10,4,2,0,5,5,48,40,NA,NA,NA,NA,NA,88,79,0,0,0,1,0,0,0,0,1,0,NA,NA,NA,NA,NA,NA,NA,NA,NA,NA,NA,NA,NA,NA,NA,"NA"
"10526424",11.3,"Randolph North",2025-05-04,"white",69.8,11,3,14,-1,3,2,48,40,NA,NA,NA,NA,NA,88,79,0,0,1,0,0,1,0,0,0,0,NA,NA,NA,NA,NA,NA,NA,NA,NA,NA,NA,NA,NA,NA,NA,"NA"
"10526424",11.3,"Randolph North",2025-05-04,"white",69.8,12,4,10,-1,4,3,48,40,NA,NA,NA,NA,NA,88,79,0,0,1,0,0,1,0,0,0,0,NA,NA,NA,NA,NA,NA,NA,NA,NA,NA,NA,NA,NA,NA,NA,"NA"
"10526424",11.3,"Randolph North",2025-05-04,"white",69.8,13,5,16,-1,6,5,48,40,NA,NA,NA,NA,NA,88,79,0,0,0,1,0,0,0,1,0,0,NA,NA,NA,NA,NA,NA,NA,NA,NA,NA,NA,NA,NA,NA,NA,"NA"
"10526424",11.3,"Randolph North",2025-05-04,"white",69.8,14,4,8,0,5,5,48,40,NA,NA,NA,NA,NA,88,79,0,0,0,1,0,0,0,0,1,0,NA,NA,NA,NA,NA,NA,NA,NA,NA,NA,NA,NA,NA,NA,NA,"NA"
"10526424",11.3,"Randolph North",2025-05-04,"white",69.8,15,3,6,0,3,3,48,40,NA,NA,NA,NA,NA,88,79,0,0,1,0,0,0,0,1,0,0,NA,NA,NA,NA,NA,NA,NA,NA,NA,NA,NA,NA,NA,NA,NA,"NA"
"10526424",11.3,"Randolph North",2025-05-04,"white",69.8,16,5,18,-1,5,4,48,40,NA,NA,NA,NA,NA,88,79,0,0,1,0,0,1,0,0,0,0,NA,NA,NA,NA,NA,NA,NA,NA,NA,NA,NA,NA,NA,NA,NA,"NA"
"10526424",11.3,"Randolph North",2025-05-04,"white",69.8,17,4,12,-1,5,4,48,40,NA,NA,NA,NA,NA,88,79,0,0,0,1,0,0,0,1,0,0,NA,NA,NA,NA,NA,NA,NA,NA,NA,NA,NA,NA,NA,NA,NA,"NA"
"10526424",11.3,"Randolph North",2025-05-04,"white",69.8,18,4,4,0,4,4,48,40,NA,NA,NA,NA,NA,88,79,0,0,1,0,0,0,0,1,0,0,NA,NA,NA,NA,NA,NA,NA,NA,NA,NA,NA,NA,NA,NA,NA,"NA"
