"course_name","date","tees","hole","par","gross","stroke","lie","club","yds_to_target","yds_traveled","on_target","miss_direction","shot_type"
"Randolph North","2026-01-04","combo","hole_9",5,5,2,"rough","4",220,220,"yes","short","full"
"Dell Urich","2026-01-11","combo","hole_13",5,4,2,"rough","9",155,155,"yes","on_target","full"
"Silverbell","2026-01-18","white","hole_8",4,6,3,"sand","LW",20,0,"no","short","gsbunker"
"Silverbell","2026-01-18","white","hole_17",4,5,4,"fairway","7",5,13,"yes","on_target","chip"
"Randolph North","2026-01-25","combo","hole_2",4,6,1,"tee","D",260,242,"yes","on_target","full"
"Randolph North","2026-01-25","combo","hole_3",5,6,2,"rough","5",200,198,"no","right","full"
"Randolph North","2026-01-25","combo","hole_12",4,5,1,"tee","D",260,220,"no","right","full"
"Randolph North","2026-01-25","combo","hole_16",5,5,3,"fairway","GW",50,52,"yes","on_target","choked"
"Randolph North","2026-02-08","combo","hole_2",4,5,1,"tee","D",270,302,"no","right","full"
"Randolph North","2026-02-08","combo","hole_5",4,4,2,"rough","PW",140,129,"yes","on_target","full"
"Randolph North","2026-02-08","combo","hole_9",5,5,2,"rough","5",200,214,"no","long","full"
"Dell Urich","2026-02-22","combo","hole_3",5,5,1,"tee","D",270,6,"no","left","full"
"Dell Urich","2026-02-22","combo","hole_3",5,5,4,"fairway","PW",20,218,"yes","on_target","chip"
"Dell Urich","2026-02-22","combo","hole_6",5,5,1,"tee","D",270,260,"yes","on_target","full"
"Dell Urich","2026-02-22","combo","hole_12",4,4,2,"fairway","GW",108,108,"yes","on_target","choked"
"Dell Urich","2026-02-22","combo","hole_16",4,4,2,"rough","8",165,164,"yes","on_target","full"
"Randolph North","2026-03-08","blue","hole_10",4,6,3,"fairway","SW",75,74,"no","right","choked"
"Randolph North","2026-03-08","blue","hole_18",4,6,2,"rough","5",120,116,"no","short","punch"
"Dell Urich","2026-03-29","blue","hole_5",3,5,2,"fairway","SW",20,10,"no","short","chip"
"Dell Urich","2026-03-29","blue","hole_7",4,5,2,"fairway","8",165,194,"no","long","full"
"Dell Urich","2026-03-29","blue","hole_13",5,4,3,"fairway","PW",23,22,"yes","on_target","chip"
"Dell Urich","2026-03-29","blue","hole_15",4,3,2,"rough","9",155,159,"yes","on_target","full"
"Dell Urich","2026-03-29","blue","hole_18",4,5,3,"rough","GW",100,103,"yes","on_target","choked"
"Randolph North","2026-04-05","blue","hole_4",4,5,1,"tee","D",270,259,"yes","on_target","tee"
"Randolph North","2026-04-05","blue","hole_9",5,6,4,"rough","GW",21,21,"no","short","chip"
"Randolph North","2026-04-05","blue","hole_12",4,5,2,"fairway","GW",120,69,"no","short","full"
"Randolph North","2026-04-19","blue","hole_3",5,6,3,"fairway","GW",89,72,"no","short","choked"
"Randolph North","2026-04-19","blue","hole_9",5,8,2,"rough","3W",250,183,"no","short","full"
"Randolph North","2026-04-19","blue","hole_9",5,8,3,"rough","SW",65,125,"no","long","choked"
"Randolph North","2026-04-19","blue","hole_16",5,5,2,"fairway","3W",250,257,"no","right","full"
"Dell Urich","2026-04-26","combo","hole_6",5,7,2,"fairway","4",210,47,"no","left","punch"
"Dell Urich","2026-04-26","combo","hole_10",4,4,2,"rough","9",140,139,"no","left","full"
"Dell Urich","2026-04-26","combo","hole_15",4,4,1,"tee","D",270,292,"yes","on_target","tee"
"Randolph North","2026-01-04","combo","hole_1",4,5,1,"tee","4",220,220,"yes","on_target","full"
"Dell Urich","2026-01-11","combo","hole_4",4,6,4,"rough","GW",95,80,"no","short","choked"
"Dell Urich","2026-01-11","combo","hole_8",4,5,1,"tee","D",250,223,"no","right","full"
"Silverbell","2026-01-18","white","hole_4",4,4,2,"fairway","8",160,159,"yes","on_target","full"
"Randolph North","2026-01-25","combo","hole_3",5,6,3,"rough","GW",34,54,"yes","on_target","choked"
"Randolph North","2026-01-25","combo","hole_5",4,5,2,"fairway","9",155,135,"no","short","full"
"Randolph North","2026-01-25","combo","hole_16",5,5,2,"rough","4",200,174,"yes","on_target","punch"
"Randolph North","2026-02-08","combo","hole_17",4,6,4,"fairway","PW",20,21,"yes","on_target","chip"
"Dell Urich","2026-02-22","combo","hole_2",3,3,1,"tee","9",161,155,"yes","on_target","full"
"Dell Urich","2026-02-22","combo","hole_12",4,4,1,"tee","D",270,281,"yes","on_target","full"
"Dell Urich","2026-02-22","combo","hole_14",4,7,1,"tee","D",270,256,"yes","short","full"
"Randolph North","2026-03-08","blue","hole_1",4,5,1,"tee","4",220,228,"no","left","tee"
"Randolph North","2026-03-08","blue","hole_5",4,5,3,"fairway","PW",16,8,"yes","on_target","chip"
"Randolph North","2026-03-08","blue","hole_9",5,5,2,"rough","5",200,176,"yes","short","punch"
"Randolph North","2026-03-08","blue","hole_14",4,5,2,"rough","9",160,165,"yes","on_target","full"
"Randolph North","2026-03-08","blue","hole_15",3,4,2,"rough","PW",20,25,"yes","on_target","chip"
"Dell Urich","2026-03-29","blue","hole_8",4,7,2,"rough","4",20,89,"yes","short","punch"
"Dell Urich","2026-03-29","blue","hole_9",3,4,1,"tee","6",195,184,"no","right","tee"
"Dell Urich","2026-03-29","blue","hole_13",5,4,1,"tee","D",270,260,"no","right","tee"
"Dell Urich","2026-03-29","blue","hole_17",3,3,1,"tee","PW",155,144,"no","long","choked"
"Randolph North","2026-04-05","blue","hole_1",4,4,3,"fairway","PW",10,8,"yes","on_target","chip"
"Randolph North","2026-04-05","blue","hole_5",4,5,1,"tee","D",270,255,"no","right","tee"
"Randolph North","2026-04-05","blue","hole_16",5,6,1,"tee","D",270,248,"no","right","tee"
"Randolph North","2026-04-19","blue","hole_12",4,6,2,"rough","GW",120,73,"no","short","full"
"Randolph North","2026-04-19","blue","hole_15",3,4,2,"fairway","PW",30,38,"no","long","chip"
"Randolph North","2026-04-19","blue","hole_15",3,4,3,"fairway","PW",8,6,"yes","on_target","chip"
"Randolph North","2026-04-19","blue","hole_16",5,5,1,"tee","D",275,285,"yes","on_target","tee"
"Randolph North","2026-04-19","blue","hole_18",4,8,6,"sand","LW",10,7,"yes","on_target","gsbunker"
"Dell Urich","2026-04-26","combo","hole_10",4,4,3,"fairway","P",10,9,"yes","on_target","chip"
"Dell Urich","2026-04-26","combo","hole_17",3,5,2,"tee","PW",130,145,"yes","on_target","tee"
"Randolph North","2026-01-04","combo","hole_3",5,5,3,"fairway","GW",60,60,"no","short","choked"
"Randolph North","2026-01-04","combo","hole_13",5,5,2,"fairway","7",180,180,"yes","on_target","full"
"Dell Urich","2026-01-11","combo","hole_4",4,6,3,"rough","PW",115,23,"no","short","full"
"Silverbell","2026-01-18","white","hole_18",5,5,1,"tee","D",270,236,"no","short","full"
"Randolph North","2026-01-25","combo","hole_10",4,5,2,"fairway","9",150,138,"no","short","full"
"Randolph North","2026-01-25","combo","hole_17",4,6,3,"fairway","GW",65,87,"no","long","choked"
"Randolph North","2026-02-08","combo","hole_2",4,5,2,"rough","SW",50,37,"no","short","chip"
"Randolph North","2026-02-08","combo","hole_12",4,6,3,"fairway","GW",100,87,"no","right","choked"
"Randolph North","2026-02-08","combo","hole_12",4,6,4,"rough","SW",50,43,"yes","on_target","chip"
"Dell Urich","2026-02-22","combo","hole_7",4,7,1,"tee","D",270,200,"no","left","full"
"Dell Urich","2026-02-22","combo","hole_9",3,5,1,"tee","8",174,154,"no","short","full"
"Dell Urich","2026-02-22","combo","hole_14",4,7,2,"fairway","5",155,153,"no","right","full"
"Dell Urich","2026-02-22","combo","hole_18",4,6,2,"fwbunker","5",200,113,"no","short","full"
"Randolph North","2026-03-08","blue","hole_2",4,5,4,"rough","PW",21,20,"yes","on_target","chip"
"Randolph North","2026-03-08","blue","hole_9",5,5,1,"tee","D",270,268,"no","right","tee"
"Randolph North","2026-03-08","blue","hole_18",4,6,3,"rough","GW",100,69,"no","short","full"
"Dell Urich","2026-03-29","blue","hole_9",3,4,2,"rough","PW",15,25,"yes","on_target","chip"
"Dell Urich","2026-03-29","blue","hole_13",5,4,2,"rough","6",220,215,"no","right","full"
"Dell Urich","2026-03-29","blue","hole_14",4,6,2,"rough","4",220,236,"no","short","full"
"Randolph North","2026-04-05","blue","hole_3",5,5,1,"tee","D",270,272,"yes","on_target","tee"
"Randolph North","2026-04-05","blue","hole_8",3,4,2,"rough","SW",40,36,"yes","on_target","chip"
"Randolph North","2026-04-05","blue","hole_16",5,6,4,"fairway","GW",10,6,"yes","on_target","chip"
"Randolph North","2026-04-19","blue","hole_8",3,4,1,"tee","5",200,221,"no","right","tee"
"Randolph North","2026-04-19","blue","hole_10",4,4,1,"tee","D",275,294,"no","left","tee"
"Randolph North","2026-04-19","blue","hole_18",4,8,2,"fairway","7",185,154,"no","right","full"
"Randolph North","2026-04-19","blue","hole_18",4,8,5,"rough","GW",25,23,"no","short","chip"
"Dell Urich","2026-04-26","combo","hole_16",4,6,2,"rough","PW",150,107,"no","short","full"
"Randolph North","2026-01-04","combo","hole_3",5,5,2,"sand","6",200,200,"yes","on_target","fwbunker"
"Randolph North","2026-01-04","combo","hole_4",4,5,1,"tee","D",270,270,"no","right","full"
"Randolph North","2026-01-04","combo","hole_5",4,4,1,"tee","D",270,270,"yes","on_target","full"
"Randolph North","2026-01-04","combo","hole_12",4,6,2,"rough","9",136,136,"no","short","full"
"Dell Urich","2026-01-11","combo","hole_5",3,4,1,"tee","9",155,159,"no","long","full"
"Dell Urich","2026-01-11","combo","hole_16",4,5,1,"tee","4",220,193,"no","right","full"
"Dell Urich","2026-01-11","combo","hole_17",3,3,1,"tee","9",150,129,"yes","on_target","full"
"Silverbell","2026-01-18","white","hole_1",4,4,1,"tee","4",220,205,"no","right","full"
"Silverbell","2026-01-18","white","hole_3",3,4,1,"tee","GW",120,125,"no","long","choked"
"Silverbell","2026-01-18","white","hole_8",4,6,1,"tee","4",220,234,"no","right","full"
"Silverbell","2026-01-18","white","hole_14",4,5,2,"rough","GW",115,114,"yes","on_target","choked"
"Randolph North","2026-02-08","combo","hole_3",5,5,1,"tee","D",270,243,"no","right","full"
"Randolph North","2026-02-08","combo","hole_10",4,4,1,"tee","D",270,247,"no","right","full"
"Randolph North","2026-02-08","combo","hole_10",4,4,2,"rough","6",190,132,"no","short","punch"
"Dell Urich","2026-02-22","combo","hole_6",5,5,3,"rough","GW",65,84,"no","long","punch"
"Dell Urich","2026-02-22","combo","hole_7",4,7,3,"rough","GW",70,55,"no","short","punch"
"Dell Urich","2026-02-22","combo","hole_14",4,7,3,"rough","GW",45,21,"no","short","chip"
"Dell Urich","2026-02-22","combo","hole_14",4,7,5,"fairway","PW",10,10,"yes","on_target","chip"
"Dell Urich","2026-03-29","blue","hole_1",4,6,1,"tee","4",220,228,"yes","on_target","tee"
"Dell Urich","2026-03-29","blue","hole_7",4,5,1,"tee","D",270,272,"yes","on_target","tee"
"Dell Urich","2026-03-29","blue","hole_14",4,6,4,"fairway","GW",10,12,"yes","on_target","chip"
"Randolph North","2026-04-05","blue","hole_4",4,5,3,"fairway","PW",20,20,"no","long","chip"
"Randolph North","2026-04-05","blue","hole_6",3,4,2,"rough","GW",19,8,"yes","on_target","chip"
"Randolph North","2026-04-05","blue","hole_11",3,3,1,"tee","6",190,188,"yes","on_target","tee"
"Randolph North","2026-04-19","blue","hole_1",4,5,3,"fairway","PW",10,11,"yes","on_target","chip"
"Randolph North","2026-04-19","blue","hole_9",5,8,5,"sand","LW",15,10,"yes","on_target","gsbunker"
"Randolph North","2026-04-19","blue","hole_14",4,4,2,"rough","8",165,154,"yes","on_target","full"
"Dell Urich","2026-04-26","combo","hole_2",3,5,2,"rough","SW",55,30,"yes","on_target","chip"
"Dell Urich","2026-04-26","combo","hole_6",5,7,5,"sand","LW",20,15,"yes","on_target","gsbunker"
"Dell Urich","2026-04-26","combo","hole_13",5,6,1,"tee","D",270,217,"no","right","tee"
"Dell Urich","2026-04-26","combo","hole_16",4,6,1,"tee","D",270,273,"no","right","tee"
"Randolph North","2026-01-04","combo","hole_7",4,5,2,"rough","GW",110,110,"no","long","full"
"Randolph North","2026-01-04","combo","hole_14",4,4,1,"tee","D",270,270,"no","right","full"
"Randolph North","2026-01-04","combo","hole_16",5,5,1,"tee","D",270,270,"no","right","full"
"Randolph North","2026-01-04","combo","hole_17",4,6,2,"rough","3W",250,250,"no","right","full"
"Dell Urich","2026-01-11","combo","hole_12",4,5,3,"fairway","GW",120,105,"yes","on_target","choked"
"Silverbell","2026-01-18","white","hole_5",4,6,2,"fairway","GW",82,100,"no","long","choked"
"Randolph North","2026-01-25","combo","hole_17",4,6,2,"rough","4",200,122,"yes","on_target","punch"
"Randolph North","2026-01-25","combo","hole_18",4,4,1,"tee","D",260,292,"no","left","full"
"Randolph North","2026-02-08","combo","hole_1",4,5,3,"fairway","PW",15,13,"yes","on_target","chip"
"Randolph North","2026-02-08","combo","hole_5",4,4,1,"tee","D",270,302,"no","left","full"
"Randolph North","2026-02-08","combo","hole_7",4,5,2,"rough","5",135,129,"no","short","rough"
"Randolph North","2026-02-08","combo","hole_7",4,5,3,"sand","LW",15,15,"yes","on_target","gsbunker"
"Randolph North","2026-02-08","combo","hole_12",4,6,1,"tee","D",270,273,"no","right","full"
"Randolph North","2026-02-08","combo","hole_13",5,6,1,"tee","D",270,261,"no","right","full"
"Randolph North","2026-02-08","combo","hole_16",5,4,2,"rough","6",180,170,"yes","on_target","full"
"Dell Urich","2026-02-22","combo","hole_1",4,6,4,"rough","SW",10,2,"no","short","chip"
"Dell Urich","2026-02-22","combo","hole_8",4,5,3,"rough","GW",25,34,"yes","long","chip"
"Dell Urich","2026-02-22","combo","hole_11",3,4,1,"tee","8",165,155,"no","short","full"
"Dell Urich","2026-02-22","combo","hole_13",5,8,5,"sand","LW",15,4,"no","short","gsbunker"
"Randolph North","2026-03-08","blue","hole_10",4,6,1,"tee","D",270,246,"no","right","tee"
"Randolph North","2026-03-08","blue","hole_12",4,5,1,"tee","D",270,251,"no","right","tee"
"Randolph North","2026-03-08","blue","hole_17",4,4,1,"tee","D",270,263,"yes","on_target","tee"
"Dell Urich","2026-03-29","blue","hole_6",5,6,1,"tee","D",270,252,"no","right","tee"
"Dell Urich","2026-03-29","blue","hole_12",4,4,1,"tee","D",270,253,"yes","on_target","tee"
"Dell Urich","2026-03-29","blue","hole_15",4,3,1,"tee","D",270,269,"no","right","tee"
"Randolph North","2026-04-19","blue","hole_17",4,6,3,"fairway","GW",55,55,"yes","on_target","chip"
"Dell Urich","2026-04-26","combo","hole_7",4,5,3,"rough","GW",15,13,"yes","on_target","chip"
"Dell Urich","2026-04-26","combo","hole_9",3,4,2,"fairway","GW",30,33,"yes","on_target","chip"
"Dell Urich","2026-04-26","combo","hole_13",5,6,5,"sand","LW",15,10,"yes","on_target","gsbunker"
"Dell Urich","2026-04-26","combo","hole_15",4,4,2,"fairway","GW",55,65,"yes","on_target","choked"
"Randolph North","2026-01-04","combo","hole_13",5,5,1,"tee","D",270,270,"yes","on_target","full"
"Randolph North","2026-01-04","combo","hole_17",4,6,3,"rough","4",220,220,"no","left","full"
"Dell Urich","2026-01-11","combo","hole_1",4,5,1,"tee","4",220,262,"no","right","full"
"Dell Urich","2026-01-11","combo","hole_3",5,4,2,"fairway","5",220,240,"no","left","full"
"Dell Urich","2026-01-11","combo","hole_6",5,6,1,"tee","D",260,204,"no","short","full"
"Dell Urich","2026-01-11","combo","hole_7",4,5,1,"tee","D",270,252,"no","right","full"
"Dell Urich","2026-01-11","combo","hole_9",3,4,1,"tee","8",160,114,"no","short","choked"
"Dell Urich","2026-01-11","combo","hole_15",4,6,3,"rough","5",70,68,"yes","on_target","punch"
"Dell Urich","2026-01-11","combo","hole_16",4,5,2,"rough","7",180,123,"no","short","full"
"Randolph North","2026-01-25","combo","hole_8",3,3,1,"tee","7",170,174,"no","right","full"
"Randolph North","2026-02-08","combo","hole_14",4,5,2,"fairway","PW",145,120,"no","short","full"
"Dell Urich","2026-02-22","combo","hole_1",4,6,2,"fairway","9",150,151,"no","right","full"
"Dell Urich","2026-02-22","combo","hole_8",4,5,2,"fairway","9",155,170,"no","long","full"
"Dell Urich","2026-02-22","combo","hole_10",4,5,2,"rough","GW",100,87,"yes","on_target","choked"
"Randolph North","2026-03-08","blue","hole_2",4,5,1,"tee","D",270,227,"no","left","tee"
"Randolph North","2026-03-08","blue","hole_2",4,5,2,"rough","6",180,93,"no","short","full"
"Randolph North","2026-03-08","blue","hole_2",4,5,3,"fairway","GW",100,114,"no","long","choked"
"Randolph North","2026-03-08","blue","hole_7",4,4,2,"rough","5",150,126,"yes","short","punch"
"Randolph North","2026-03-08","blue","hole_10",4,6,2,"rough","5",120,121,"yes","on_target","punch"
"Randolph North","2026-03-08","blue","hole_11",3,3,1,"tee","6",185,183,"yes","on_target","tee"
"Randolph North","2026-03-08","blue","hole_13",5,5,1,"tee","D",270,234,"yes","short","tee"
"Randolph North","2026-03-08","blue","hole_14",4,5,1,"tee","D",270,286,"no","right","tee"
"Randolph North","2026-03-08","blue","hole_15",3,4,1,"tee","4",220,196,"no","right","tee"
"Randolph North","2026-03-08","blue","hole_16",5,5,1,"tee","D",270,309,"yes","on_target","tee"
"Dell Urich","2026-03-29","blue","hole_5",3,5,1,"tee","PW",145,131,"no","short","tee"
"Dell Urich","2026-03-29","blue","hole_11",3,3,2,"rough","GW",17,12,"yes","on_target","chip"
"Dell Urich","2026-03-29","blue","hole_18",4,5,2,"rough","4",120,84,"yes","on_target","punch"
"Randolph North","2026-04-05","blue","hole_3",5,5,3,"rough","SW",30,28,"yes","on_target","chip"
"Randolph North","2026-04-05","blue","hole_10",4,5,1,"tee","D",270,290,"no","right","tee"
"Randolph North","2026-04-05","blue","hole_10",4,5,2,"rough","GW",125,102,"no","short","full"
"Randolph North","2026-04-05","blue","hole_10",4,5,3,"fairway","SW",24,23,"yes","on_target","chip"
"Randolph North","2026-04-05","blue","hole_13",5,5,1,"tee","D",270,304,"no","right","tee"
"Randolph North","2026-04-05","blue","hole_14",4,4,2,"fairway","PW",140,139,"yes","on_target","full"
"Randolph North","2026-04-19","blue","hole_2",4,5,2,"rough","5",215,222,"no","right","full"
"Randolph North","2026-04-19","blue","hole_3",5,6,2,"fairway","3W",250,242,"yes","on_target","full"
"Randolph North","2026-04-19","blue","hole_6",3,4,2,"rough","GW",40,35,"yes","on_target","chip"
"Randolph North","2026-04-19","blue","hole_12",4,6,3,"fairway","GW",50,60,"no","long","chip"
"Randolph North","2026-04-19","blue","hole_15",3,4,1,"tee","7",185,160,"no","short","tee"
"Dell Urich","2026-04-26","combo","hole_3",5,4,2,"fairway","3W",240,235,"no","right","full"
"Dell Urich","2026-04-26","combo","hole_4",4,9,5,"sand","LW",15,15,"yes","on_target","gsbunker"
"Dell Urich","2026-04-26","combo","hole_6",5,7,1,"tee","D",270,277,"yes","on_target","tee"
"Dell Urich","2026-04-26","combo","hole_7",4,5,2,"fairway","GW",110,108,"no","short","choked"
"Dell Urich","2026-04-26","combo","hole_8",4,7,1,"tee","D",270,56,"no","left","tee"
"Dell Urich","2026-04-26","combo","hole_8",4,7,4,"fairway","GW",15,12,"yes","on_target","chip"
"Dell Urich","2026-04-26","combo","hole_13",5,6,2,"rough","4",220,168,"yes","on_target","full"
"Randolph North","2026-01-04","combo","hole_1",4,5,2,"fairway","PW",138,138,"no","right","full"
"Dell Urich","2026-01-11","combo","hole_4",4,6,2,"rough","PW",121,6,"no","short","full"
"Dell Urich","2026-01-11","combo","hole_14",4,5,1,"tee","D",260,202,"no","left","full"
"Silverbell","2026-01-18","white","hole_2",5,6,1,"tee","D",270,266,"no","left","full"
"Silverbell","2026-01-18","white","hole_7",5,5,2,"rough","3W",250,214,"no","short","full"
"Silverbell","2026-01-18","white","hole_8",4,6,2,"rough","9",150,131,"no","short","punch"
"Silverbell","2026-01-18","white","hole_16",3,4,1,"tee","5",200,205,"no","right","full"
"Randolph North","2026-01-25","combo","hole_1",4,4,2,"rough","GW",110,104,"no","right","choked"
"Randolph North","2026-01-25","combo","hole_7",4,5,1,"tee","D",260,275,"no","right","full"
"Randolph North","2026-01-25","combo","hole_13",5,5,2,"rough","4",200,171,"no","right","full"
"Randolph North","2026-02-08","combo","hole_1",4,5,2,"rough","4",160,173,"no","long","punch"
"Randolph North","2026-02-08","combo","hole_4",4,5,3,"fairway","PW",15,15,"yes","on_target","chip"
"Randolph North","2026-02-08","combo","hole_8",3,4,1,"tee","7",185,179,"no","right","full"
"Randolph North","2026-02-08","combo","hole_16",5,4,1,"tee","D",270,304,"no","left","full"
"Dell Urich","2026-02-22","combo","hole_1",4,6,1,"tee","4",220,236,"yes","on_target","full"
"Dell Urich","2026-02-22","combo","hole_4",4,5,3,"sand","LW",15,14,"no","long","gsbunker"
"Dell Urich","2026-02-22","combo","hole_5",3,4,1,"tee","9",155,163,"no","long","full"
"Dell Urich","2026-02-22","combo","hole_13",5,8,1,"tee","D",270,276,"yes","on_target","full"
"Dell Urich","2026-02-22","combo","hole_13",5,8,6,"sand","LW",15,13,"no","on_target","gsbunker"
"Dell Urich","2026-02-22","combo","hole_14",4,7,4,"rough","SW",15,26,"no","long","chip"
"Dell Urich","2026-02-22","combo","hole_17",3,4,1,"tee","9",135,50,"no","short","full"
"Dell Urich","2026-02-22","combo","hole_17",3,4,2,"rough","GW",85,100,"yes","on_target","choked"
"Dell Urich","2026-02-22","combo","hole_18",4,6,1,"tee","D",270,243,"no","right","full"
"Dell Urich","2026-03-29","blue","hole_12",4,4,2,"fairway","5",205,194,"yes","on_target","full"
"Dell Urich","2026-03-29","blue","hole_16",4,5,1,"tee","4",220,205,"no","left","tee"
"Randolph North","2026-04-05","blue","hole_6",3,4,1,"tee","9",145,123,"no","short","tee"
"Randolph North","2026-04-05","blue","hole_7",4,6,4,"fairway","P",15,19,"yes","on_target","chip"
"Randolph North","2026-04-05","blue","hole_9",5,6,1,"tee","D",270,279,"yes","on_target","tee"
"Randolph North","2026-04-05","blue","hole_9",5,6,2,"fairway","6",190,165,"no","right","full"
"Randolph North","2026-04-05","blue","hole_12",4,5,1,"tee","D",270,267,"yes","on_target","tee"
"Randolph North","2026-04-05","blue","hole_14",4,4,1,"tee","D",270,286,"yes","on_target","tee"
"Randolph North","2026-04-05","blue","hole_15",3,6,1,"tee","6",190,180,"no","short","tee"
"Randolph North","2026-04-19","blue","hole_1",4,5,1,"tee","D",275,264,"no","left","tee"
"Randolph North","2026-04-19","blue","hole_3",5,6,4,"fairway","PW",16,19,"yes","on_target","chip"
"Randolph North","2026-04-19","blue","hole_10",4,4,3,"fairway","P",5,5,"yes","on_target","chip"
"Randolph North","2026-04-19","blue","hole_16",5,5,3,"rough","7",30,35,"yes","on_target","chip"
"Dell Urich","2026-04-26","combo","hole_4",4,9,3,"sand","LW",18,3,"no","short","gsbunker"
"Randolph North","2026-01-04","combo","hole_8",3,3,1,"tee","7",178,178,"no","right","full"
"Dell Urich","2026-01-11","combo","hole_4",4,6,1,"tee","4",220,174,"no","right","full"
"Dell Urich","2026-01-11","combo","hole_8",4,5,2,"rough","5",190,192,"no","left","full"
"Dell Urich","2026-01-11","combo","hole_12",4,5,1,"tee","D",260,110,"no","short","full"
"Dell Urich","2026-01-11","combo","hole_18",4,6,3,"rough","8",140,124,"no","short","full"
"Silverbell","2026-01-18","white","hole_4",4,4,1,"tee","D",270,287,"yes","on_target","full"
"Randolph North","2026-01-25","combo","hole_11",3,4,1,"tee","6",190,180,"no","right","full"
"Randolph North","2026-01-25","combo","hole_14",4,5,1,"tee","D",260,230,"no","right","full"
"Randolph North","2026-01-25","combo","hole_16",5,5,1,"tee","D",260,255,"no","left","full"
"Randolph North","2026-01-25","combo","hole_18",4,4,2,"fairway","PW",140,140,"yes","on_target","full"
"Randolph North","2026-02-08","combo","hole_4",4,5,1,"tee","D",270,261,"no","right","full"
"Randolph North","2026-02-08","combo","hole_8",3,4,2,"rough","PW",10,20,"yes","on_target","chip"
"Randolph North","2026-02-08","combo","hole_10",4,4,3,"fairway","SW",60,58,"yes","on_target","chip"
"Dell Urich","2026-02-22","combo","hole_1",4,6,3,"rough","SW",14,4,"no","short","chip"
"Dell Urich","2026-02-22","combo","hole_7",4,7,5,"rough","GW",20,28,"yes","on_target","chip"
"Dell Urich","2026-02-22","combo","hole_8",4,5,1,"tee","D",270,274,"yes","on_target","full"
"Dell Urich","2026-02-22","combo","hole_9",3,5,2,"rough","LW",20,30,"yes","long","chip"
"Dell Urich","2026-03-29","blue","hole_16",4,5,2,"rough","9",155,132,"no","short","full"
"Dell Urich","2026-03-29","blue","hole_17",3,3,2,"fairway","P",10,12,"yes","on_target","chip"
"Randolph North","2026-04-05","blue","hole_4",4,5,2,"fairway","7",175,168,"no","long","full"
"Randolph North","2026-04-05","blue","hole_5",4,5,2,"rough","8",165,167,"no","short","full"
"Randolph North","2026-04-05","blue","hole_9",5,6,3,"rough","SW",65,33,"no","short","chip"
"Randolph North","2026-04-05","blue","hole_17",4,4,1,"tee","D",270,273,"no","long","tee"
"Randolph North","2026-04-19","blue","hole_3",5,6,1,"tee","D",275,247,"yes","on_target","tee"
"Randolph North","2026-04-19","blue","hole_18",4,8,1,"tee","D",275,255,"yes","on_target","tee"
"Dell Urich","2026-04-26","combo","hole_2",3,5,1,"tee","9",160,155,"no","right","tee"
"Dell Urich","2026-04-26","combo","hole_4",4,9,2,"sand","LW",20,3,"no","short","gsbunker"
"Dell Urich","2026-04-26","combo","hole_5",3,3,2,"fairway","P",5,5,"yes","on_target","chip"
"Dell Urich","2026-04-26","combo","hole_14",4,5,1,"tee","D",270,254,"no","right","tee"
"Randolph North","2026-01-04","combo","hole_11",3,4,1,"tee","7",180,180,"no","long","full"
"Randolph North","2026-01-04","combo","hole_18",4,4,2,"fairway","4",180,180,"yes","on_target","full"
"Dell Urich","2026-01-11","combo","hole_10",4,4,1,"tee","D",280,266,"no","right","full"
"Dell Urich","2026-01-11","combo","hole_11",3,3,1,"tee","PW",150,150,"yes","on_target","full"
"Dell Urich","2026-01-11","combo","hole_15",4,6,1,"tee","D",250,232,"no","right","full"
"Dell Urich","2026-01-11","combo","hole_15",4,6,2,"rough","8",160,80,"no","short","full"
"Dell Urich","2026-01-11","combo","hole_18",4,6,4,"sand","LW",20,18,"yes","on_target","gsbunker"
"Silverbell","2026-01-18","white","hole_10",4,5,1,"tee","D",270,273,"yes","on_target","full"
"Silverbell","2026-01-18","white","hole_13",4,5,1,"tee","D",270,270,"no","left","full"
"Randolph North","2026-01-25","combo","hole_3",5,6,1,"tee","D",260,288,"no","right","full"
"Randolph North","2026-01-25","combo","hole_9",5,6,1,"tee","D",260,212,"yes","short","full"
"Randolph North","2026-02-08","combo","hole_9",5,5,3,"rough","PW",20,10,"yes","on_target","chip"
"Randolph North","2026-02-08","combo","hole_14",4,5,1,"tee","D",270,273,"yes","on_target","full"
"Randolph North","2026-02-08","combo","hole_17",4,6,3,"rough","SW",40,23,"no","short","chip"
"Dell Urich","2026-02-22","combo","hole_13",5,8,3,"sand","SW",55,42,"no","short","fwbunker"
"Randolph North","2026-03-08","blue","hole_1",4,5,3,"fairway","GW",13,8,"yes","on_target","chip"
"Randolph North","2026-03-08","blue","hole_3",5,5,3,"rough","GW",100,92,"yes","on_target","choked"
"Randolph North","2026-03-08","blue","hole_8",3,3,1,"tee","5",200,211,"no","right","tee"
"Randolph North","2026-03-08","blue","hole_12",4,5,2,"rough","PW",140,154,"no","long","full"
"Randolph North","2026-03-08","blue","hole_13",5,5,4,"fairway","GW",16,16,"yes","on_target","chip"
"Dell Urich","2026-03-29","blue","hole_4",4,4,2,"fairway","SW",75,85,"yes","on_target","choked"
"Dell Urich","2026-03-29","blue","hole_7",4,5,4,"fairway","PW",17,17,"yes","on_target","chip"
"Randolph North","2026-04-05","blue","hole_2",4,6,2,"rough","4",115,82,"no","short","punch"
"Randolph North","2026-04-05","blue","hole_5",4,5,3,"fairway","PW",13,17,"yes","on_target","chip"
"Randolph North","2026-04-19","blue","hole_5",4,5,2,"rough","4",220,74,"no","short","full"
"Randolph North","2026-04-19","blue","hole_13",5,6,4,"fairway","GW",50,46,"yes","on_target","chip"
"Dell Urich","2026-04-26","combo","hole_3",5,4,3,"rough","SW",35,32,"yes","on_target","chip"
"Dell Urich","2026-04-26","combo","hole_11",3,4,2,"sand","LW",30,25,"yes","on_target","gsbunker"
"Randolph North","2026-01-04","combo","hole_17",4,6,1,"tee","D",270,270,"no","left","full"
"Randolph North","2026-01-04","combo","hole_18",4,4,1,"tee","4",220,220,"yes","on_target","full"
"Dell Urich","2026-01-11","combo","hole_12",4,5,2,"rough","3W",230,220,"yes","on_target","full"
"Silverbell","2026-01-18","white","hole_11",4,6,2,"rough","8",160,114,"no","short","full"
"Silverbell","2026-01-18","white","hole_15",4,4,2,"sand","SW",50,34,"no","short","fwbunker"
"Randolph North","2026-01-25","combo","hole_10",4,5,1,"tee","D",260,251,"yes","on_target","full"
"Randolph North","2026-02-08","combo","hole_3",5,5,4,"fairway","P",5,5,"yes","on_target","putt"
"Randolph North","2026-02-08","combo","hole_14",4,5,3,"fairway","SW",30,26,"yes","on_target","chip"
"Dell Urich","2026-02-22","combo","hole_3",5,5,2,"rough","4",100,281,"yes","on_target","punch"
"Dell Urich","2026-02-22","combo","hole_6",5,5,4,"rough","SW",15,15,"yes","on_target","chip"
"Dell Urich","2026-02-22","combo","hole_10",4,5,1,"tee","D",270,289,"no","right","full"
"Dell Urich","2026-02-22","combo","hole_11",3,4,2,"fairway","PW",10,7,"yes","on_target","chip"
"Dell Urich","2026-02-22","combo","hole_15",4,5,1,"tee","D",270,153,"no","left","full"
"Dell Urich","2026-02-22","combo","hole_15",4,5,3,"rough","SW",26,24,"yes","on_target","chip"
"Dell Urich","2026-02-22","combo","hole_18",4,6,4,"fairway","LW",20,20,"yes","on_target","chip"
"Randolph North","2026-03-08","blue","hole_5",4,5,2,"rough","8",165,172,"no","left","full"
"Randolph North","2026-03-08","blue","hole_7",4,4,3,"fairway","PW",18,16,"yes","on_target","chip"
"Randolph North","2026-03-08","blue","hole_12",4,5,3,"rough","PW",10,18,"yes","on_target","chip"
"Randolph North","2026-03-08","blue","hole_18",4,6,1,"tee","D",270,249,"no","right","tee"
"Randolph North","2026-03-08","blue","hole_18",4,6,4,"rough","GW",32,30,"yes","on_target","chip"
"Dell Urich","2026-03-29","blue","hole_3",5,5,2,"fairway","3W",250,264,"no","right","full"
"Dell Urich","2026-03-29","blue","hole_5",3,5,3,"fairway","P",9,4,"yes","on_target","chip"
"Dell Urich","2026-03-29","blue","hole_6",5,6,4,"fairway","PW",22,20,"yes","on_target","chip"
"Dell Urich","2026-03-29","blue","hole_8",4,7,1,"tee","D",270,117,"no","left","tee"
"Randolph North","2026-04-05","blue","hole_2",4,6,4,"sand","LW",15,16,"yes","on_target","gsbunker"
"Randolph North","2026-04-05","blue","hole_3",5,5,2,"fairway","3W",250,260,"no","right","full"
"Randolph North","2026-04-05","blue","hole_9",5,6,5,"fairway","P",11,10,"yes","on_target","chip"
"Randolph North","2026-04-05","blue","hole_15",3,6,2,"tee","6",190,184,"no","short","tee"
"Randolph North","2026-04-05","blue","hole_17",4,4,2,"rough","4",150,144,"no","right","punch"
"Randolph North","2026-04-19","blue","hole_4",4,4,2,"rough","6",182,182,"yes","on_target","full"
"Randolph North","2026-04-19","blue","hole_7",4,4,1,"tee","D",275,263,"no","right","tee"
"Randolph North","2026-04-19","blue","hole_8",3,4,2,"fairway","SW",65,64,"yes","on_target","chip"
"Dell Urich","2026-04-26","combo","hole_1",4,5,1,"tee","D",270,229,"no","right","tee"
"Dell Urich","2026-04-26","combo","hole_1",4,5,2,"rough","9",160,174,"no","long","full"
"Dell Urich","2026-04-26","combo","hole_1",4,5,3,"rough","GW",35,40,"yes","on_target","chip"
"Dell Urich","2026-04-26","combo","hole_10",4,4,1,"tee","D",270,248,"no","right","tee"
"Dell Urich","2026-04-26","combo","hole_12",4,4,1,"tee","D",270,260,"yes","on_target","tee"
"Randolph North","2026-01-04","combo","hole_1",4,5,3,"fairway","7",10,15,"yes","on_target","chip"
"Randolph North","2026-01-04","combo","hole_2",4,4,2,"fairway","GW",110,110,"yes","on_target","choked"
"Randolph North","2026-01-04","combo","hole_4",4,5,2,"rough","5",130,130,"no","short","punch"
"Dell Urich","2026-01-11","combo","hole_6",5,6,3,"fairway","GW",110,102,"yes","on_target","choked"
"Dell Urich","2026-01-11","combo","hole_18",4,6,1,"tee","D",230,188,"no","right","full"
"Silverbell","2026-01-18","white","hole_17",4,5,2,"rough","5",80,97,"yes","on_target","punch"
"Randolph North","2026-01-25","combo","hole_7",4,5,2,"rough","GW",100,81,"no","short","choked"
"Randolph North","2026-01-25","combo","hole_15",3,3,1,"tee","8",180,181,"yes","on_target","full"
"Randolph North","2026-01-25","combo","hole_17",4,6,1,"tee","D",260,239,"no","left","full"
"Randolph North","2026-02-08","combo","hole_18",4,4,2,"rough","GW",130,130,"yes","on_target","full"
"Dell Urich","2026-02-22","combo","hole_13",5,8,4,"sand","LW",15,8,"no","short","gsbunker"
"Randolph North","2026-03-08","blue","hole_13",5,5,3,"rough","SW",90,86,"no","short","full"
"Dell Urich","2026-03-29","blue","hole_1",4,6,2,"fairway","PW",135,168,"no","long","full"
"Dell Urich","2026-03-29","blue","hole_16",4,5,3,"fairway","GW",20,10,"yes","on_target","chip"
"Dell Urich","2026-03-29","blue","hole_18",4,5,1,"tee","D",270,257,"no","left","tee"
"Randolph North","2026-04-05","blue","hole_2",4,6,3,"sand","SW",30,16,"no","short","gsbunker"
"Randolph North","2026-04-05","blue","hole_8",3,4,1,"tee","5",205,210,"no","long","tee"
"Randolph North","2026-04-05","blue","hole_13",5,5,3,"rough","SW",90,90,"yes","on_target","full"
"Randolph North","2026-04-19","blue","hole_12",4,6,4,"fairway","P",3,6,"yes","on_target","chip"
"Randolph North","2026-04-19","blue","hole_13",5,6,3,"rough","7",75,76,"yes","on_target","punch"
"Dell Urich","2026-04-26","combo","hole_3",5,4,1,"tee","D",270,298,"yes","on_target","tee"
"Dell Urich","2026-04-26","combo","hole_6",5,7,4,"fairway","6",180,173,"no","right","full"
"Dell Urich","2026-04-26","combo","hole_8",4,7,3,"fairway","GW",115,100,"no","short","full"
"Dell Urich","2026-04-26","combo","hole_11",3,4,1,"tee","6",180,168,"no","right","tee"
"Dell Urich","2026-04-26","combo","hole_13",5,6,3,"rough","GW",110,117,"no","long","choked"
"Dell Urich","2026-04-26","combo","hole_14",4,5,3,"rough","GW",75,73,"yes","on_target","choked"
"Randolph North","2026-01-04","combo","hole_2",4,4,1,"tee","4",220,220,"yes","on_target","full"
"Dell Urich","2026-01-11","combo","hole_1",4,5,2,"rough","7",180,126,"no","short","full"
"Silverbell","2026-01-18","white","hole_3",3,4,2,"sand","LW",15,15,"no","right","gsbunker"
"Silverbell","2026-01-18","white","hole_5",4,6,1,"tee","D",270,278,"yes","on_target","full"
"Silverbell","2026-01-18","white","hole_9",3,3,1,"tee","8",160,169,"yes","on_target","full"
"Silverbell","2026-01-18","white","hole_18",5,5,2,"fairway","5",190,202,"yes","on_target","full"
"Randolph North","2026-01-25","combo","hole_1",4,4,1,"tee","D",260,255,"no","right","full"
"Randolph North","2026-01-25","combo","hole_14",4,5,2,"rough","8",200,210,"no","left","punch"
"Randolph North","2026-02-08","combo","hole_4",4,5,2,"rough","9",150,149,"no","right","full"
"Randolph North","2026-02-08","combo","hole_9",5,5,1,"tee","D",270,263,"no","right","full"
"Randolph North","2026-02-08","combo","hole_13",5,6,3,"fairway","PW",130,150,"no","long","full"
"Randolph North","2026-02-08","combo","hole_13",5,6,4,"rough","SW",20,20,"yes","on_target","chip"
"Dell Urich","2026-02-22","combo","hole_15",4,5,2,"fairway","5",185,175,"no","left","full"
"Randolph North","2026-03-08","blue","hole_3",5,5,1,"tee","D",270,288,"no","right","tee"
"Randolph North","2026-03-08","blue","hole_3",5,5,2,"rough","4",220,220,"no","left","full"
"Randolph North","2026-03-08","blue","hole_13",5,5,2,"fairway","3W",250,220,"no","right","full"
"Randolph North","2026-03-08","blue","hole_17",4,4,2,"fairway","PW",135,123,"yes","on_target","full"
"Dell Urich","2026-03-29","blue","hole_8",4,7,4,"rough","GW",120,92,"no","right","full"
"Dell Urich","2026-03-29","blue","hole_8",4,7,5,"rough","GW",50,50,"yes","on_target","chip"
"Dell Urich","2026-03-29","blue","hole_11",3,3,1,"tee","7",185,191,"no","left","tee"
"Randolph North","2026-04-05","blue","hole_1",4,4,1,"tee","4",220,219,"no","right","tee"
"Randolph North","2026-04-05","blue","hole_2",4,6,1,"tee","D",270,308,"no","left","tee"
"Randolph North","2026-04-05","blue","hole_7",4,6,3,"fairway","PW",25,39,"no","long","chip"
"Randolph North","2026-04-19","blue","hole_4",4,4,1,"tee","D",275,240,"no","right","tee"
"Randolph North","2026-04-19","blue","hole_5",4,5,1,"tee","D",275,225,"no","left","tee"
"Randolph North","2026-04-19","blue","hole_6",3,4,1,"tee","9",135,97,"no","right","tee"
"Randolph North","2026-04-19","blue","hole_9",5,8,4,"rough","SW",45,72,"no","right","chip"
"Randolph North","2026-04-19","blue","hole_10",4,4,2,"rough","GW",115,115,"no","right","full"
"Randolph North","2026-04-19","blue","hole_11",3,3,1,"tee","7",185,186,"yes","on_target","tee"
"Randolph North","2026-04-19","blue","hole_14",4,4,1,"tee","D",275,277,"no","left","tee"
"Randolph North","2026-04-19","blue","hole_17",4,6,2,"fairway","GW",115,62,"no","short","full"
"Dell Urich","2026-04-26","combo","hole_4",4,9,1,"tee","D",270,275,"no","right","tee"
"Dell Urich","2026-04-26","combo","hole_5",3,3,1,"tee","9",155,151,"no","left","tee"
"Randolph North","2026-01-04","combo","hole_10",4,5,1,"tee","D",270,270,"no","right","full"
"Randolph North","2026-01-04","combo","hole_10",4,5,3,"rough","GW",60,60,"yes","on_target","choked"
"Randolph North","2026-01-04","combo","hole_15",3,3,1,"tee","7",179,179,"yes","on_target","full"
"Dell Urich","2026-01-11","combo","hole_4",4,6,5,"fairway","7",12,10,"yes","on_target","chip"
"Dell Urich","2026-01-11","combo","hole_10",4,4,2,"rough","GW",115,115,"yes","on_target","full"
"Dell Urich","2026-01-11","combo","hole_18",4,6,2,"rough","3W",190,133,"no","right","full"
"Silverbell","2026-01-18","white","hole_2",5,6,2,"rough","3W",250,192,"no","left","full"
"Randolph North","2026-01-25","combo","hole_2",4,6,2,"fairway","GW",91,121,"no","long","choked"
"Randolph North","2026-01-25","combo","hole_4",4,4,2,"rough","8",160,158,"yes","on_target","full"
"Randolph North","2026-01-25","combo","hole_6",3,4,1,"tee","PW",140,141,"yes","on_target","full"
"Randolph North","2026-01-25","combo","hole_13",5,5,1,"tee","D",260,275,"no","left","full"
"Randolph North","2026-02-08","combo","hole_1",4,5,1,"tee","4",220,210,"no","right","full"
"Randolph North","2026-02-08","combo","hole_3",5,5,2,"rough","3W",250,224,"no","right","full"
"Randolph North","2026-02-08","combo","hole_15",3,3,1,"tee","7",175,173,"yes","on_target","full"
"Randolph North","2026-02-08","combo","hole_17",4,6,1,"tee","D",270,251,"no","left","full"
"Dell Urich","2026-02-22","combo","hole_7",4,7,2,"rough","5",200,142,"no","left","full"
"Dell Urich","2026-02-22","combo","hole_10",4,5,3,"fairway","PW",18,13,"yes","short","chip"
"Randolph North","2026-03-08","blue","hole_1",4,5,2,"rough","GW",124,137,"no","long","full"
"Randolph North","2026-03-08","blue","hole_4",4,6,3,"rough","8",130,134,"yes","on_target","full"
"Randolph North","2026-03-08","blue","hole_5",4,5,1,"tee","D",270,273,"no","right","tee"
"Randolph North","2026-03-08","blue","hole_8",3,3,2,"rough","GW",18,16,"yes","on_target","chip"
"Randolph North","2026-03-08","blue","hole_10",4,6,4,"rough","LW",20,23,"yes","on_target","chip"
"Dell Urich","2026-03-29","blue","hole_2",3,3,1,"tee","5",200,195,"yes","on_target","tee"
"Dell Urich","2026-03-29","blue","hole_3",5,5,3,"rough","GW",45,45,"yes","on_target","chip"
"Dell Urich","2026-03-29","blue","hole_7",4,5,3,"rough","GW",40,36,"yes","on_target","chip"
"Dell Urich","2026-03-29","blue","hole_8",4,7,3,"rough","4",220,123,"no","left","full"
"Dell Urich","2026-03-29","blue","hole_10",4,4,2,"rough","PW",130,126,"yes","on_target","full"
"Randolph North","2026-04-05","blue","hole_12",4,5,3,"fairway","SW",45,49,"yes","on_target","chip"
"Randolph North","2026-04-05","blue","hole_17",4,4,3,"fairway","P",5,4,"yes","on_target","chip"
"Randolph North","2026-04-05","blue","hole_18",4,5,1,"tee","D",270,265,"no","right","tee"
"Randolph North","2026-04-05","blue","hole_18",4,5,2,"rough","7",154,142,"no","short","full"
"Randolph North","2026-04-19","blue","hole_12",4,6,1,"tee","D",275,276,"no","long","tee"
"Randolph North","2026-04-19","blue","hole_13",5,6,1,"tee","D",275,127,"no","left","tee"
"Randolph North","2026-04-19","blue","hole_13",5,6,2,"rough","3W",250,281,"no","right","full"
"Dell Urich","2026-04-26","combo","hole_4",4,9,4,"sand","LW",16,2,"no","short","gsbunker"
"Dell Urich","2026-04-26","combo","hole_12",4,4,2,"fairway","GW",115,112,"yes","on_target","full"
"Dell Urich","2026-04-26","combo","hole_16",4,6,3,"rough","SW",20,15,"yes","on_target","chip"
"Dell Urich","2026-04-26","combo","hole_17",3,5,1,"tee","GW",130,125,"no","short","tee"
"Randolph North","2026-01-04","combo","hole_7",4,5,1,"tee","D",270,270,"no","right","full"
"Randolph North","2026-01-04","combo","hole_9",5,5,1,"tee","D",270,270,"no","right","full"
"Randolph North","2026-01-04","combo","hole_10",4,5,2,"rough","5",190,190,"no","short","punch"
"Randolph North","2026-01-04","combo","hole_12",4,6,1,"tee","D",270,270,"no","right","full"
"Dell Urich","2026-01-11","combo","hole_6",5,6,2,"fairway","3W",240,223,"yes","on_target","full"
"Dell Urich","2026-01-11","combo","hole_14",4,5,2,"rough","4",220,184,"no","short","punch"
"Silverbell","2026-01-18","white","hole_6",3,4,1,"tee","7",185,180,"yes","on_target","full"
"Silverbell","2026-01-18","white","hole_7",5,5,3,"rough","LW",40,38,"yes","on_target","chip"
"Silverbell","2026-01-18","white","hole_13",4,5,2,"rough","GW",120,122,"no","long","full"
"Randolph North","2026-01-25","combo","hole_4",4,4,1,"tee","D",260,249,"no","right","full"
"Randolph North","2026-01-25","combo","hole_5",4,5,1,"tee","D",260,280,"yes","on_target","full"
"Randolph North","2026-02-08","combo","hole_2",4,5,3,"sand","LW",10,17,"yes","on_target","gsbunker"
"Randolph North","2026-02-08","combo","hole_7",4,5,1,"tee","3W",250,250,"no","right","full"
"Randolph North","2026-02-08","combo","hole_11",3,3,1,"tee","7",180,185,"yes","on_target","full"
"Dell Urich","2026-02-22","combo","hole_1",4,6,5,"fairway","P",8,4,"yes","on_target","putt"
"Dell Urich","2026-02-22","combo","hole_4",4,5,2,"sand","SW",85,21,"no","short","fwbunker"
"Dell Urich","2026-02-22","combo","hole_5",3,4,2,"fairway","P",11,21,"yes","long","chip"
"Dell Urich","2026-02-22","combo","hole_6",5,5,2,"fairway","3W",250,237,"no","right","full"
"Dell Urich","2026-02-22","combo","hole_18",4,6,3,"rough","GW",100,94,"no","right","choked"
"Randolph North","2026-03-08","blue","hole_7",4,4,1,"tee","4",220,227,"no","right","tee"
"Randolph North","2026-03-08","blue","hole_9",5,5,3,"fairway","GW",30,23,"yes","on_target","chip"
"Randolph North","2026-03-08","blue","hole_16",5,5,2,"fairway","4",230,218,"yes","on_target","full"
"Dell Urich","2026-03-29","blue","hole_4",4,4,1,"tee","4",220,215,"yes","on_target","tee"
"Dell Urich","2026-03-29","blue","hole_6",5,6,2,"rough","3W",250,213,"no","right","full"
"Dell Urich","2026-03-29","blue","hole_6",5,6,3,"rough","7",100,75,"yes","short","punch"
"Dell Urich","2026-03-29","blue","hole_14",4,6,1,"tee","D",270,211,"no","right","tee"
"Dell Urich","2026-03-29","blue","hole_14",4,6,3,"rough","SW",20,34,"no","long","chip"
"Randolph North","2026-04-05","blue","hole_13",5,5,2,"rough","4",120,159,"no","right","punch"
"Randolph North","2026-04-05","blue","hole_15",3,6,3,"fairway","GW",10,5,"yes","on_target","chip"
"Randolph North","2026-04-19","blue","hole_2",4,5,3,"rough","SW",25,17,"yes","on_target","chip"
"Randolph North","2026-04-19","blue","hole_7",4,4,2,"rough","7",92,92,"yes","on_target","punch"
"Randolph North","2026-04-19","blue","hole_9",5,8,1,"tee","D",275,224,"no","left","tee"
"Randolph North","2026-04-19","blue","hole_17",4,6,1,"tee","D",275,279,"yes","on_target","tee"
"Randolph North","2026-04-19","blue","hole_18",4,8,3,"rough","GW",20,16,"no","right","chip"
"Dell Urich","2026-04-26","combo","hole_6",5,7,3,"rough","4",210,27,"no","short","full"
"Dell Urich","2026-04-26","combo","hole_9",3,4,1,"tee","PW",145,107,"no","short","tee"
"Randolph North","2026-01-04","combo","hole_3",5,5,1,"tee","D",270,270,"no","left","full"
"Randolph North","2026-01-04","combo","hole_5",4,4,2,"fairway","8",150,150,"yes","on_target","full"
"Randolph North","2026-01-04","combo","hole_14",4,4,2,"rough","9",150,150,"yes","on_target","full"
"Randolph North","2026-01-04","combo","hole_16",5,5,2,"rough","4",264,264,"no","right","full"
"Dell Urich","2026-01-11","combo","hole_2",3,4,1,"tee","GW",130,113,"no","short","choked"
"Dell Urich","2026-01-11","combo","hole_3",5,4,1,"tee","D",280,311,"yes","on_target","full"
"Dell Urich","2026-01-11","combo","hole_13",5,4,1,"tee","D",280,328,"no","right","full"
"Silverbell","2026-01-18","white","hole_1",4,4,2,"rough","4",220,219,"no","right","full"
"Silverbell","2026-01-18","white","hole_2",5,6,4,"sand","LW",15,14,"yes","on_target","gsbunker"
"Silverbell","2026-01-18","white","hole_7",5,5,1,"tee","D",270,282,"no","left","full"
"Silverbell","2026-01-18","white","hole_10",4,5,2,"fairway","GW",50,54,"yes","on_target","choked"
"Silverbell","2026-01-18","white","hole_14",4,5,1,"tee","D",270,277,"no","right","full"
"Silverbell","2026-01-18","white","hole_15",4,4,1,"tee","D",270,257,"yes","on_target","full"
"Randolph North","2026-01-25","combo","hole_9",5,6,2,"fairway","3W",240,222,"no","right","full"
"Randolph North","2026-02-08","combo","hole_17",4,6,2,"rough","8",165,210,"no","long","full"
"Randolph North","2026-02-08","combo","hole_18",4,4,1,"tee","D",270,304,"no","right","full"
"Dell Urich","2026-02-22","combo","hole_4",4,5,1,"tee","4",220,110,"no","right","full"
"Randolph North","2026-03-08","blue","hole_6",3,3,1,"tee","PW",145,143,"yes","on_target","tee"
"Randolph North","2026-03-08","blue","hole_16",5,5,3,"fairway","PW",20,21,"yes","on_target","chip"
"Dell Urich","2026-03-29","blue","hole_10",4,4,1,"tee","D",270,249,"no","right","tee"
"Randolph North","2026-04-05","blue","hole_1",4,4,2,"rough","PW",140,131,"no","right","full"
"Randolph North","2026-04-05","blue","hole_7",4,6,1,"tee","D",270,257,"yes","on_target","tee"
"Randolph North","2026-04-05","blue","hole_16",5,6,2,"rough","3W",250,222,"no","right","full"
"Randolph North","2026-04-19","blue","hole_5",4,5,3,"rough","PW",145,145,"yes","on_target","full"
"Dell Urich","2026-04-26","combo","hole_13",5,6,4,"sand","SW",10,28,"no","long","chip"
"Dell Urich","2026-04-26","combo","hole_14",4,5,2,"rough","8",160,80,"no","short","full"
"Dell Urich","2026-04-26","combo","hole_18",4,5,1,"tee","D",270,288,"no","right","tee"
"Randolph North","2026-01-04","combo","hole_6",3,4,1,"tee","9",141,141,"yes","on_target","full"
"Dell Urich","2026-01-11","combo","hole_7",4,5,2,"rough","PW",140,119,"no","left","full"
"Dell Urich","2026-01-11","combo","hole_14",4,5,3,"rough","GW",90,45,"no","short","punch"
"Silverbell","2026-01-18","white","hole_2",5,6,3,"rough","LW",60,50,"no","short","full"
"Silverbell","2026-01-18","white","hole_8",4,6,4,"sand","LW",20,15,"no","long","gsbunker"
"Silverbell","2026-01-18","white","hole_11",4,6,1,"tee","4",220,176,"no","short","full"
"Silverbell","2026-01-18","white","hole_12",3,6,1,"tee","9",155,170,"no","long","full"
"Silverbell","2026-01-18","white","hole_17",4,5,1,"tee","4",220,208,"no","right","full"
"Silverbell","2026-01-18","white","hole_17",4,5,3,"fairway","GW",100,120,"no","long","full"
"Silverbell","2026-01-18","white","hole_18",5,5,3,"fairway","GW",82,62,"no","short","choked"
"Randolph North","2026-02-08","combo","hole_3",5,5,3,"rough","GW",60,75,"yes","on_target","chip"
"Randolph North","2026-02-08","combo","hole_6",3,4,1,"tee","PW",140,140,"yes","on_target","full"
"Randolph North","2026-02-08","combo","hole_12",4,6,2,"rough","GW",120,36,"no","short","full"
"Randolph North","2026-02-08","combo","hole_13",5,6,2,"rough","4",230,100,"no","short","full"
"Dell Urich","2026-02-22","combo","hole_3",5,5,3,"fairway","5",230,108,"yes","on_target","full"
"Dell Urich","2026-02-22","combo","hole_7",4,7,4,"rough","SW",20,49,"no","long","chip"
"Dell Urich","2026-02-22","combo","hole_13",5,8,2,"fairway","5",200,145,"no","right","full"
"Dell Urich","2026-02-22","combo","hole_16",4,4,1,"tee","4",220,205,"no","right","full"
"Randolph North","2026-03-08","blue","hole_4",4,6,1,"tee","D",270,271,"no","right","tee"
"Randolph North","2026-03-08","blue","hole_4",4,6,2,"rough","8",161,26,"no","short","full"
"Dell Urich","2026-03-29","blue","hole_1",4,6,3,"rough","SW",35,34,"yes","on_target","chip"
"Dell Urich","2026-03-29","blue","hole_3",5,5,1,"tee","D",270,272,"yes","on_target","tee"
"Randolph North","2026-04-05","blue","hole_4",4,5,4,"fairway","P",10,10,"yes","on_target","chip"
"Randolph North","2026-04-05","blue","hole_7",4,6,2,"fairway","PW",135,97,"no","short","full"
"Randolph North","2026-04-05","blue","hole_16",5,6,3,"rough","SW",100,114,"no","long","full"
"Randolph North","2026-04-05","blue","hole_18",4,5,3,"rough","SW",32,16,"yes","on_target","chip"
"Randolph North","2026-04-19","blue","hole_1",4,5,2,"rough","GW",95,83,"no","short","choked"
"Randolph North","2026-04-19","blue","hole_2",4,5,1,"tee","D",275,195,"no","left","tee"
"Randolph North","2026-04-19","blue","hole_18",4,8,4,"rough","7",30,18,"no","short","punch"
"Dell Urich","2026-04-26","combo","hole_7",4,5,1,"tee","D",270,281,"yes","on_target","tee"
"Dell Urich","2026-04-26","combo","hole_8",4,7,2,"rough","3W",235,231,"yes","on_target","full"
"Dell Urich","2026-04-26","combo","hole_18",4,5,2,"sand","PW",150,2,"no","short","fwbunker"
"Dell Urich","2026-04-26","combo","hole_18",4,5,3,"sand","PW",150,142,"yes","on_target","fwbunker"
