"GHIN","handicap_index","course_name","date","tees","hole","hole_handicap","handicap_stroke","gross","net","OUT","IN","tot_FIR","tot_GIR","tot_putts","tot_chips","tot_penalties","tot_gross","tot_net","is_gross_birdie","is_gross_eagle_better","is_gross_par","is_gross_bogey","is_gross_bogey_worse","is_net_birdie","is_net_eagle_better","is_net_par","is_net_bogey","is_net_bogey_worse","FIR","OUT_FIR","IN_FIR","GIR","OUT_GIR","IN_GIR","putts","OUT_putts","IN_putts","chips","OUT_chips","IN_chips","penalties","OUT_penalties","IN_penalties","tee_club"
10526424,11.3,"Randolph North","2025-05-04","white","hole_1",7,0,6,6,48,40,NA,NA,NA,NA,NA,88,79,0,0,0,0,1,0,0,0,0,1,NA,NA,NA,NA,NA,NA,NA,NA,NA,NA,NA,NA,NA,NA,NA,"NA"
10526424,11.3,"Randolph North","2025-05-04","white","hole_2",9,0,5,5,48,40,NA,NA,NA,NA,NA,88,79,0,0,0,1,0,0,0,0,1,0,NA,NA,NA,NA,NA,NA,NA,NA,NA,NA,NA,NA,NA,NA,NA,"NA"
10526424,11.3,"Randolph North","2025-05-04","white","hole_3",11,-1,5,4,48,40,NA,NA,NA,NA,NA,88,79,0,0,1,0,0,1,0,0,0,0,NA,NA,NA,NA,NA,NA,NA,NA,NA,NA,NA,NA,NA,NA,NA,"NA"
10526424,11.3,"Randolph North","2025-05-04","white","hole_4",1,0,5,5,48,40,NA,NA,NA,NA,NA,88,79,0,0,0,1,0,0,0,0,1,0,NA,NA,NA,NA,NA,NA,NA,NA,NA,NA,NA,NA,NA,NA,NA,"NA"
10526424,11.3,"Randolph North","2025-05-04","white","hole_5",3,0,7,7,48,40,NA,NA,NA,NA,NA,88,79,0,0,0,0,1,0,0,0,0,1,NA,NA,NA,NA,NA,NA,NA,NA,NA,NA,NA,NA,NA,NA,NA,"NA"
10526424,11.3,"Randolph North","2025-05-04","white","hole_6",13,-1,4,3,48,40,NA,NA,NA,NA,NA,88,79,0,0,0,1,0,0,0,1,0,0,NA,NA,NA,NA,NA,NA,NA,NA,NA,NA,NA,NA,NA,NA,NA,"NA"
10526424,11.3,"Randolph North","2025-05-04","white","hole_7",15,-1,6,5,48,40,NA,NA,NA,NA,NA,88,79,0,0,0,0,1,0,0,0,1,0,NA,NA,NA,NA,NA,NA,NA,NA,NA,NA,NA,NA,NA,NA,NA,"NA"
10526424,11.3,"Randolph North","2025-05-04","white","hole_8",5,0,4,4,48,40,NA,NA,NA,NA,NA,88,79,0,0,0,1,0,0,0,0,1,0,NA,NA,NA,NA,NA,NA,NA,NA,NA,NA,NA,NA,NA,NA,NA,"NA"
10526424,11.3,"Randolph North","2025-05-04","white","hole_9",17,-1,6,5,48,40,NA,NA,NA,NA,NA,88,79,0,0,0,1,0,0,0,1,0,0,NA,NA,NA,NA,NA,NA,NA,NA,NA,NA,NA,NA,NA,NA,NA,"NA"
10526424,11.3,"Randolph North","2025-05-04","white","hole_10",2,0,5,5,48,40,NA,NA,NA,NA,NA,88,79,0,0,0,1,0,0,0,0,1,0,NA,NA,NA,NA,NA,NA,NA,NA,NA,NA,NA,NA,NA,NA,NA,"NA"
10526424,11.3,"Randolph North","2025-05-04","white","hole_11",14,-1,3,2,48,40,NA,NA,NA,NA,NA,88,79,0,0,1,0,0,1,0,0,0,0,NA,NA,NA,NA,NA,NA,NA,NA,NA,NA,NA,NA,NA,NA,NA,"NA"
10526424,11.3,"Randolph North","2025-05-04","white","hole_12",10,-1,4,3,48,40,NA,NA,NA,NA,NA,88,79,0,0,1,0,0,1,0,0,0,0,NA,NA,NA,NA,NA,NA,NA,NA,NA,NA,NA,NA,NA,NA,NA,"NA"
10526424,11.3,"Randolph North","2025-05-04","white","hole_13",16,-1,6,5,48,40,NA,NA,NA,NA,NA,88,79,0,0,0,1,0,0,0,1,0,0,NA,NA,NA,NA,NA,NA,NA,NA,NA,NA,NA,NA,NA,NA,NA,"NA"
10526424,11.3,"Randolph North","2025-05-04","white","hole_14",8,0,5,5,48,40,NA,NA,NA,NA,NA,88,79,0,0,0,1,0,0,0,0,1,0,NA,NA,NA,NA,NA,NA,NA,NA,NA,NA,NA,NA,NA,NA,NA,"NA"
10526424,11.3,"Randolph North","2025-05-04","white","hole_15",6,0,3,3,48,40,NA,NA,NA,NA,NA,88,79,0,0,1,0,0,0,0,1,0,0,NA,NA,NA,NA,NA,NA,NA,NA,NA,NA,NA,NA,NA,NA,NA,"NA"
10526424,11.3,"Randolph North","2025-05-04","white","hole_16",18,-1,5,4,48,40,NA,NA,NA,NA,NA,88,79,0,0,1,0,0,1,0,0,0,0,NA,NA,NA,NA,NA,NA,NA,NA,NA,NA,NA,NA,NA,NA,NA,"NA"
10526424,11.3,"Randolph North","2025-05-04","white","hole_17",12,-1,5,4,48,40,NA,NA,NA,NA,NA,88,79,0,0,0,1,0,0,0,1,0,0,NA,NA,NA,NA,NA,NA,NA,NA,NA,NA,NA,NA,NA,NA,NA,"NA"
10526424,11.3,"Randolph North","2025-05-04","white","hole_18",4,0,4,4,48,40,NA,NA,NA,NA,NA,88,79,0,0,1,0,0,0,0,1,0,0,NA,NA,NA,NA,NA,NA,NA,NA,NA,NA,NA,NA,NA,NA,NA,"NA"
10526424,11.3,"Dell Urich","2025-05-18","white","hole_1",9,0,6,6,46,44,NA,NA,NA,NA,NA,90,81,0,0,0,0,1,0,0,0,0,1,NA,NA,NA,NA,NA,NA,NA,NA,NA,NA,NA,NA,NA,NA,NA,"NA"
10526424,11.3,"Dell Urich","2025-05-18","white","hole_2",5,0,5,5,46,44,NA,NA,NA,NA,NA,90,81,0,0,0,0,1,0,0,0,0,1,NA,NA,NA,NA,NA,NA,NA,NA,NA,NA,NA,NA,NA,NA,NA,"NA"
10526424,11.3,"Dell Urich","2025-05-18","white","hole_3",13,-1,5,4,46,44,NA,NA,NA,NA,NA,90,81,0,0,1,0,0,1,0,0,0,0,NA,NA,NA,NA,NA,NA,NA,NA,NA,NA,NA,NA,NA,NA,NA,"NA"
10526424,11.3,"Dell Urich","2025-05-18","white","hole_4",17,-1,5,4,46,44,NA,NA,NA,NA,NA,90,81,0,0,0,1,0,0,0,1,0,0,NA,NA,NA,NA,NA,NA,NA,NA,NA,NA,NA,NA,NA,NA,NA,"NA"
10526424,11.3,"Dell Urich","2025-05-18","white","hole_5",11,-1,4,3,46,44,NA,NA,NA,NA,NA,90,81,0,0,0,1,0,0,0,1,0,0,NA,NA,NA,NA,NA,NA,NA,NA,NA,NA,NA,NA,NA,NA,NA,"NA"
10526424,11.3,"Dell Urich","2025-05-18","white","hole_6",15,-1,7,6,46,44,NA,NA,NA,NA,NA,90,81,0,0,0,0,1,0,0,0,1,0,NA,NA,NA,NA,NA,NA,NA,NA,NA,NA,NA,NA,NA,NA,NA,"NA"
10526424,11.3,"Dell Urich","2025-05-18","white","hole_7",1,0,5,5,46,44,NA,NA,NA,NA,NA,90,81,0,0,0,1,0,0,0,0,1,0,NA,NA,NA,NA,NA,NA,NA,NA,NA,NA,NA,NA,NA,NA,NA,"NA"
10526424,11.3,"Dell Urich","2025-05-18","white","hole_8",3,0,6,6,46,44,NA,NA,NA,NA,NA,90,81,0,0,0,0,1,0,0,0,0,1,NA,NA,NA,NA,NA,NA,NA,NA,NA,NA,NA,NA,NA,NA,NA,"NA"
10526424,11.3,"Dell Urich","2025-05-18","white","hole_9",7,0,3,3,46,44,NA,NA,NA,NA,NA,90,81,0,0,1,0,0,0,0,1,0,0,NA,NA,NA,NA,NA,NA,NA,NA,NA,NA,NA,NA,NA,NA,NA,"NA"
10526424,11.3,"Dell Urich","2025-05-18","white","hole_10",10,-1,5,4,46,44,NA,NA,NA,NA,NA,90,81,0,0,0,1,0,0,0,1,0,0,NA,NA,NA,NA,NA,NA,NA,NA,NA,NA,NA,NA,NA,NA,NA,"NA"
10526424,11.3,"Dell Urich","2025-05-18","white","hole_11",16,-1,3,2,46,44,NA,NA,NA,NA,NA,90,81,0,0,1,0,0,1,0,0,0,0,NA,NA,NA,NA,NA,NA,NA,NA,NA,NA,NA,NA,NA,NA,NA,"NA"
10526424,11.3,"Dell Urich","2025-05-18","white","hole_12",6,0,5,5,46,44,NA,NA,NA,NA,NA,90,81,0,0,0,1,0,0,0,0,1,0,NA,NA,NA,NA,NA,NA,NA,NA,NA,NA,NA,NA,NA,NA,NA,"NA"
10526424,11.3,"Dell Urich","2025-05-18","white","hole_13",18,-1,5,4,46,44,NA,NA,NA,NA,NA,90,81,0,0,1,0,0,1,0,0,0,0,NA,NA,NA,NA,NA,NA,NA,NA,NA,NA,NA,NA,NA,NA,NA,"NA"
10526424,11.3,"Dell Urich","2025-05-18","white","hole_14",4,0,6,6,46,44,NA,NA,NA,NA,NA,90,81,0,0,0,0,1,0,0,0,0,1,NA,NA,NA,NA,NA,NA,NA,NA,NA,NA,NA,NA,NA,NA,NA,"NA"
10526424,11.3,"Dell Urich","2025-05-18","white","hole_15",14,-1,5,4,46,44,NA,NA,NA,NA,NA,90,81,0,0,0,1,0,0,0,1,0,0,NA,NA,NA,NA,NA,NA,NA,NA,NA,NA,NA,NA,NA,NA,NA,"NA"
10526424,11.3,"Dell Urich","2025-05-18","white","hole_16",8,0,6,6,46,44,NA,NA,NA,NA,NA,90,81,0,0,0,0,1,0,0,0,0,1,NA,NA,NA,NA,NA,NA,NA,NA,NA,NA,NA,NA,NA,NA,NA,"NA"
10526424,11.3,"Dell Urich","2025-05-18","white","hole_17",12,-1,3,2,46,44,NA,NA,NA,NA,NA,90,81,0,0,1,0,0,1,0,0,0,0,NA,NA,NA,NA,NA,NA,NA,NA,NA,NA,NA,NA,NA,NA,NA,"NA"
10526424,11.3,"Dell Urich","2025-05-18","white","hole_18",2,0,6,6,46,44,NA,NA,NA,NA,NA,90,81,0,0,0,0,1,0,0,0,0,1,NA,NA,NA,NA,NA,NA,NA,NA,NA,NA,NA,NA,NA,NA,NA,"NA"
10526424,11.8,"Silverbell","2025-06-01","white","hole_1",5,0,6,6,46,47,NA,NA,NA,NA,NA,93,83,0,0,0,0,1,0,0,0,0,1,NA,NA,NA,NA,NA,NA,NA,NA,NA,NA,NA,NA,NA,NA,NA,"NA"
10526424,11.8,"Silverbell","2025-06-01","white","hole_2",3,0,6,6,46,47,NA,NA,NA,NA,NA,93,83,0,0,0,1,0,0,0,0,1,0,NA,NA,NA,NA,NA,NA,NA,NA,NA,NA,NA,NA,NA,NA,NA,"NA"
10526424,11.8,"Silverbell","2025-06-01","white","hole_3",17,-1,4,3,46,47,NA,NA,NA,NA,NA,93,83,0,0,0,1,0,0,0,1,0,0,NA,NA,NA,NA,NA,NA,NA,NA,NA,NA,NA,NA,NA,NA,NA,"NA"
10526424,11.8,"Silverbell","2025-06-01","white","hole_4",9,-1,5,4,46,47,NA,NA,NA,NA,NA,93,83,0,0,0,1,0,0,0,1,0,0,NA,NA,NA,NA,NA,NA,NA,NA,NA,NA,NA,NA,NA,NA,NA,"NA"
10526424,11.8,"Silverbell","2025-06-01","white","hole_5",13,-1,6,5,46,47,NA,NA,NA,NA,NA,93,83,0,0,0,0,1,0,0,0,1,0,NA,NA,NA,NA,NA,NA,NA,NA,NA,NA,NA,NA,NA,NA,NA,"NA"
10526424,11.8,"Silverbell","2025-06-01","white","hole_6",11,-1,3,2,46,47,NA,NA,NA,NA,NA,93,83,0,0,1,0,0,1,0,0,0,0,NA,NA,NA,NA,NA,NA,NA,NA,NA,NA,NA,NA,NA,NA,NA,"NA"
10526424,11.8,"Silverbell","2025-06-01","white","hole_7",1,0,5,5,46,47,NA,NA,NA,NA,NA,93,83,0,0,1,0,0,0,0,1,0,0,NA,NA,NA,NA,NA,NA,NA,NA,NA,NA,NA,NA,NA,NA,NA,"NA"
10526424,11.8,"Silverbell","2025-06-01","white","hole_8",7,0,5,5,46,47,NA,NA,NA,NA,NA,93,83,0,0,0,1,0,0,0,0,1,0,NA,NA,NA,NA,NA,NA,NA,NA,NA,NA,NA,NA,NA,NA,NA,"NA"
10526424,11.8,"Silverbell","2025-06-01","white","hole_9",15,-1,6,5,46,47,NA,NA,NA,NA,NA,93,83,0,0,0,0,1,0,0,0,0,1,NA,NA,NA,NA,NA,NA,NA,NA,NA,NA,NA,NA,NA,NA,NA,"NA"
10526424,11.8,"Silverbell","2025-06-01","white","hole_10",14,-1,4,3,46,47,NA,NA,NA,NA,NA,93,83,0,0,1,0,0,1,0,0,0,0,NA,NA,NA,NA,NA,NA,NA,NA,NA,NA,NA,NA,NA,NA,NA,"NA"
10526424,11.8,"Silverbell","2025-06-01","white","hole_11",10,-1,6,5,46,47,NA,NA,NA,NA,NA,93,83,0,0,0,0,1,0,0,0,1,0,NA,NA,NA,NA,NA,NA,NA,NA,NA,NA,NA,NA,NA,NA,NA,"NA"
10526424,11.8,"Silverbell","2025-06-01","white","hole_12",18,-1,4,3,46,47,NA,NA,NA,NA,NA,93,83,0,0,0,1,0,0,0,1,0,0,NA,NA,NA,NA,NA,NA,NA,NA,NA,NA,NA,NA,NA,NA,NA,"NA"
10526424,11.8,"Silverbell","2025-06-01","white","hole_13",8,0,5,5,46,47,NA,NA,NA,NA,NA,93,83,0,0,0,1,0,0,0,0,1,0,NA,NA,NA,NA,NA,NA,NA,NA,NA,NA,NA,NA,NA,NA,NA,"NA"
10526424,11.8,"Silverbell","2025-06-01","white","hole_14",4,0,5,5,46,47,NA,NA,NA,NA,NA,93,83,0,0,0,1,0,0,0,0,1,0,NA,NA,NA,NA,NA,NA,NA,NA,NA,NA,NA,NA,NA,NA,NA,"NA"
10526424,11.8,"Silverbell","2025-06-01","white","hole_15",16,-1,5,4,46,47,NA,NA,NA,NA,NA,93,83,0,0,0,1,0,0,0,1,0,0,NA,NA,NA,NA,NA,NA,NA,NA,NA,NA,NA,NA,NA,NA,NA,"NA"
10526424,11.8,"Silverbell","2025-06-01","white","hole_16",12,-1,5,4,46,47,NA,NA,NA,NA,NA,93,83,0,0,0,0,1,0,0,0,1,0,NA,NA,NA,NA,NA,NA,NA,NA,NA,NA,NA,NA,NA,NA,NA,"NA"
10526424,11.8,"Silverbell","2025-06-01","white","hole_17",6,0,6,6,46,47,NA,NA,NA,NA,NA,93,83,0,0,0,0,1,0,0,0,0,1,NA,NA,NA,NA,NA,NA,NA,NA,NA,NA,NA,NA,NA,NA,NA,"NA"
10526424,11.8,"Silverbell","2025-06-01","white","hole_18",2,0,7,7,46,47,NA,NA,NA,NA,NA,93,83,0,0,0,0,1,0,0,0,0,1,NA,NA,NA,NA,NA,NA,NA,NA,NA,NA,NA,NA,NA,NA,NA,"NA"
10526424,12.1,"Dell Urich","2025-06-08","white","hole_1",9,0,6,6,42,46,NA,NA,NA,NA,NA,88,79,0,0,0,0,1,0,0,0,0,1,NA,NA,NA,NA,NA,NA,NA,NA,NA,NA,NA,NA,NA,NA,NA,"NA"
10526424,12.1,"Dell Urich","2025-06-08","white","hole_2",5,0,3,3,42,46,NA,NA,NA,NA,NA,88,79,0,0,1,0,0,0,0,1,0,0,NA,NA,NA,NA,NA,NA,NA,NA,NA,NA,NA,NA,NA,NA,NA,"NA"
10526424,12.1,"Dell Urich","2025-06-08","white","hole_3",13,-1,6,5,42,46,NA,NA,NA,NA,NA,88,79,0,0,0,1,0,0,0,1,0,0,NA,NA,NA,NA,NA,NA,NA,NA,NA,NA,NA,NA,NA,NA,NA,"NA"
10526424,12.1,"Dell Urich","2025-06-08","white","hole_4",17,-1,5,4,42,46,NA,NA,NA,NA,NA,88,79,0,0,0,1,0,0,0,1,0,0,NA,NA,NA,NA,NA,NA,NA,NA,NA,NA,NA,NA,NA,NA,NA,"NA"
10526424,12.1,"Dell Urich","2025-06-08","white","hole_5",11,-1,4,3,42,46,NA,NA,NA,NA,NA,88,79,0,0,0,1,0,0,0,1,0,0,NA,NA,NA,NA,NA,NA,NA,NA,NA,NA,NA,NA,NA,NA,NA,"NA"
10526424,12.1,"Dell Urich","2025-06-08","white","hole_6",15,-1,7,6,42,46,NA,NA,NA,NA,NA,88,79,0,0,0,0,1,0,0,0,1,0,NA,NA,NA,NA,NA,NA,NA,NA,NA,NA,NA,NA,NA,NA,NA,"NA"
10526424,12.1,"Dell Urich","2025-06-08","white","hole_7",1,0,4,4,42,46,NA,NA,NA,NA,NA,88,79,0,0,1,0,0,0,0,1,0,0,NA,NA,NA,NA,NA,NA,NA,NA,NA,NA,NA,NA,NA,NA,NA,"NA"
10526424,12.1,"Dell Urich","2025-06-08","white","hole_8",3,0,4,4,42,46,NA,NA,NA,NA,NA,88,79,0,0,1,0,0,0,0,1,0,0,NA,NA,NA,NA,NA,NA,NA,NA,NA,NA,NA,NA,NA,NA,NA,"NA"
10526424,12.1,"Dell Urich","2025-06-08","white","hole_9",7,0,3,3,42,46,NA,NA,NA,NA,NA,88,79,0,0,1,0,0,0,0,1,0,0,NA,NA,NA,NA,NA,NA,NA,NA,NA,NA,NA,NA,NA,NA,NA,"NA"
10526424,12.1,"Dell Urich","2025-06-08","white","hole_10",10,-1,5,4,42,46,NA,NA,NA,NA,NA,88,79,0,0,0,1,0,0,0,1,0,0,NA,NA,NA,NA,NA,NA,NA,NA,NA,NA,NA,NA,NA,NA,NA,"NA"
10526424,12.1,"Dell Urich","2025-06-08","white","hole_11",16,-1,2,1,42,46,NA,NA,NA,NA,NA,88,79,1,0,0,0,0,0,1,0,0,0,NA,NA,NA,NA,NA,NA,NA,NA,NA,NA,NA,NA,NA,NA,NA,"NA"
10526424,12.1,"Dell Urich","2025-06-08","white","hole_12",6,0,5,5,42,46,NA,NA,NA,NA,NA,88,79,0,0,0,1,0,0,0,0,1,0,NA,NA,NA,NA,NA,NA,NA,NA,NA,NA,NA,NA,NA,NA,NA,"NA"
10526424,12.1,"Dell Urich","2025-06-08","white","hole_13",18,-1,7,6,42,46,NA,NA,NA,NA,NA,88,79,0,0,0,0,1,0,0,0,1,0,NA,NA,NA,NA,NA,NA,NA,NA,NA,NA,NA,NA,NA,NA,NA,"NA"
10526424,12.1,"Dell Urich","2025-06-08","white","hole_14",4,0,6,6,42,46,NA,NA,NA,NA,NA,88,79,0,0,0,0,1,0,0,0,0,1,NA,NA,NA,NA,NA,NA,NA,NA,NA,NA,NA,NA,NA,NA,NA,"NA"
10526424,12.1,"Dell Urich","2025-06-08","white","hole_15",14,-1,5,4,42,46,NA,NA,NA,NA,NA,88,79,0,0,0,1,0,0,0,1,0,0,NA,NA,NA,NA,NA,NA,NA,NA,NA,NA,NA,NA,NA,NA,NA,"NA"
10526424,12.1,"Dell Urich","2025-06-08","white","hole_16",8,0,4,4,42,46,NA,NA,NA,NA,NA,88,79,0,0,1,0,0,0,0,1,0,0,NA,NA,NA,NA,NA,NA,NA,NA,NA,NA,NA,NA,NA,NA,NA,"NA"
10526424,12.1,"Dell Urich","2025-06-08","white","hole_17",12,-1,7,6,42,46,NA,NA,NA,NA,NA,88,79,0,0,0,0,1,0,0,0,0,1,NA,NA,NA,NA,NA,NA,NA,NA,NA,NA,NA,NA,NA,NA,NA,"NA"
10526424,12.1,"Dell Urich","2025-06-08","white","hole_18",2,0,5,5,42,46,NA,NA,NA,NA,NA,88,79,0,0,0,1,0,0,0,0,1,0,NA,NA,NA,NA,NA,NA,NA,NA,NA,NA,NA,NA,NA,NA,NA,"NA"
10526424,12.9,"Randolph North","2025-06-22","white","hole_1",7,0,5,5,42,45,NA,NA,NA,NA,NA,87,79,0,0,0,1,0,0,0,0,1,0,NA,NA,NA,NA,NA,NA,NA,NA,NA,NA,NA,NA,NA,NA,NA,"NA"
10526424,12.9,"Randolph North","2025-06-22","white","hole_2",9,0,4,4,42,45,NA,NA,NA,NA,NA,87,79,0,0,1,0,0,0,0,1,0,0,NA,NA,NA,NA,NA,NA,NA,NA,NA,NA,NA,NA,NA,NA,NA,"NA"
10526424,12.9,"Randolph North","2025-06-22","white","hole_3",11,-1,5,4,42,45,NA,NA,NA,NA,NA,87,79,0,0,1,0,0,1,0,0,0,0,NA,NA,NA,NA,NA,NA,NA,NA,NA,NA,NA,NA,NA,NA,NA,"NA"
10526424,12.9,"Randolph North","2025-06-22","white","hole_4",1,0,4,4,42,45,NA,NA,NA,NA,NA,87,79,0,0,1,0,0,0,0,1,0,0,NA,NA,NA,NA,NA,NA,NA,NA,NA,NA,NA,NA,NA,NA,NA,"NA"
10526424,12.9,"Randolph North","2025-06-22","white","hole_5",3,0,4,4,42,45,NA,NA,NA,NA,NA,87,79,0,0,1,0,0,0,0,1,0,0,NA,NA,NA,NA,NA,NA,NA,NA,NA,NA,NA,NA,NA,NA,NA,"NA"
10526424,12.9,"Randolph North","2025-06-22","white","hole_6",13,-1,4,3,42,45,NA,NA,NA,NA,NA,87,79,0,0,0,1,0,0,0,1,0,0,NA,NA,NA,NA,NA,NA,NA,NA,NA,NA,NA,NA,NA,NA,NA,"NA"
10526424,12.9,"Randolph North","2025-06-22","white","hole_7",15,-1,5,4,42,45,NA,NA,NA,NA,NA,87,79,0,0,0,1,0,0,0,1,0,0,NA,NA,NA,NA,NA,NA,NA,NA,NA,NA,NA,NA,NA,NA,NA,"NA"
10526424,12.9,"Randolph North","2025-06-22","white","hole_8",5,0,4,4,42,45,NA,NA,NA,NA,NA,87,79,0,0,0,1,0,0,0,0,1,0,NA,NA,NA,NA,NA,NA,NA,NA,NA,NA,NA,NA,NA,NA,NA,"NA"
10526424,12.9,"Randolph North","2025-06-22","white","hole_9",17,-1,7,6,42,45,NA,NA,NA,NA,NA,87,79,0,0,0,0,1,0,0,0,1,0,NA,NA,NA,NA,NA,NA,NA,NA,NA,NA,NA,NA,NA,NA,NA,"NA"
10526424,12.9,"Randolph North","2025-06-22","white","hole_10",2,0,5,5,42,45,NA,NA,NA,NA,NA,87,79,0,0,0,1,0,0,0,0,1,0,NA,NA,NA,NA,NA,NA,NA,NA,NA,NA,NA,NA,NA,NA,NA,"NA"
10526424,12.9,"Randolph North","2025-06-22","white","hole_11",14,-1,4,3,42,45,NA,NA,NA,NA,NA,87,79,0,0,0,1,0,0,0,1,0,0,NA,NA,NA,NA,NA,NA,NA,NA,NA,NA,NA,NA,NA,NA,NA,"NA"
10526424,12.9,"Randolph North","2025-06-22","white","hole_12",10,0,4,4,42,45,NA,NA,NA,NA,NA,87,79,0,0,1,0,0,0,0,1,0,0,NA,NA,NA,NA,NA,NA,NA,NA,NA,NA,NA,NA,NA,NA,NA,"NA"
10526424,12.9,"Randolph North","2025-06-22","white","hole_13",16,-1,5,4,42,45,NA,NA,NA,NA,NA,87,79,0,0,1,0,0,1,0,0,0,0,NA,NA,NA,NA,NA,NA,NA,NA,NA,NA,NA,NA,NA,NA,NA,"NA"
10526424,12.9,"Randolph North","2025-06-22","white","hole_14",8,0,5,5,42,45,NA,NA,NA,NA,NA,87,79,0,0,0,1,0,0,0,0,1,0,NA,NA,NA,NA,NA,NA,NA,NA,NA,NA,NA,NA,NA,NA,NA,"NA"
10526424,12.9,"Randolph North","2025-06-22","white","hole_15",6,0,5,5,42,45,NA,NA,NA,NA,NA,87,79,0,0,0,0,1,0,0,0,0,1,NA,NA,NA,NA,NA,NA,NA,NA,NA,NA,NA,NA,NA,NA,NA,"NA"
10526424,12.9,"Randolph North","2025-06-22","white","hole_16",18,-1,7,6,42,45,NA,NA,NA,NA,NA,87,79,0,0,0,0,1,0,0,0,1,0,NA,NA,NA,NA,NA,NA,NA,NA,NA,NA,NA,NA,NA,NA,NA,"NA"
10526424,12.9,"Randolph North","2025-06-22","white","hole_17",12,-1,5,4,42,45,NA,NA,NA,NA,NA,87,79,0,0,0,1,0,0,0,1,0,0,NA,NA,NA,NA,NA,NA,NA,NA,NA,NA,NA,NA,NA,NA,NA,"NA"
10526424,12.9,"Randolph North","2025-06-22","white","hole_18",4,0,5,5,42,45,NA,NA,NA,NA,NA,87,79,0,0,0,1,0,0,0,0,1,0,NA,NA,NA,NA,NA,NA,NA,NA,NA,NA,NA,NA,NA,NA,NA,"NA"
10526424,13.3,"Randolph North","2025-07-13","white","hole_1",7,0,5,5,41,43,10,3,28,NA,0,84,77,0,0,0,1,0,0,0,0,1,0,1,5,5,0,2,1,1,13,15,NA,NA,NA,0,0,0,"4"
10526424,13.3,"Randolph North","2025-07-13","white","hole_2",9,0,5,5,41,43,10,3,28,NA,0,84,77,0,0,0,1,0,0,0,0,1,0,1,5,5,0,2,1,2,13,15,NA,NA,NA,0,0,0,"4"
10526424,13.3,"Randolph North","2025-07-13","white","hole_3",11,0,6,6,41,43,10,3,28,NA,0,84,77,0,0,0,1,0,0,0,0,1,0,0,5,5,0,2,1,1,13,15,NA,NA,NA,0,0,0,"D"
10526424,13.3,"Randolph North","2025-07-13","white","hole_4",1,0,5,5,41,43,10,3,28,NA,0,84,77,0,0,0,1,0,0,0,0,1,0,1,5,5,0,2,1,2,13,15,NA,NA,NA,0,0,0,"D"
10526424,13.3,"Randolph North","2025-07-13","white","hole_5",3,0,5,5,41,43,10,3,28,NA,0,84,77,0,0,0,1,0,0,0,0,1,0,0,5,5,0,2,1,2,13,15,NA,NA,NA,0,0,0,"D"
10526424,13.3,"Randolph North","2025-07-13","white","hole_6",13,-1,3,2,41,43,10,3,28,NA,0,84,77,0,0,1,0,0,1,0,0,0,0,0,5,5,0,2,1,1,13,15,NA,NA,NA,0,0,0,"GW"
10526424,13.3,"Randolph North","2025-07-13","white","hole_7",15,-1,4,3,41,43,10,3,28,NA,0,84,77,0,0,1,0,0,1,0,0,0,0,1,5,5,1,2,1,2,13,15,NA,NA,NA,0,0,0,"D"
10526424,13.3,"Randolph North","2025-07-13","white","hole_8",5,0,4,4,41,43,10,3,28,NA,0,84,77,0,0,0,1,0,0,0,0,1,0,0,5,5,0,2,1,1,13,15,NA,NA,NA,0,0,0,"7"
10526424,13.3,"Randolph North","2025-07-13","white","hole_9",17,-1,4,3,41,43,10,3,28,NA,0,84,77,1,0,0,0,0,0,1,0,0,0,1,5,5,1,2,1,1,13,15,NA,NA,NA,0,0,0,"D"
10526424,13.3,"Randolph North","2025-07-13","white","hole_10",2,0,5,5,41,43,10,3,28,NA,0,84,77,0,0,0,1,0,0,0,0,1,0,1,5,5,0,2,1,1,13,15,NA,NA,NA,0,0,0,"D"
10526424,13.3,"Randolph North","2025-07-13","white","hole_11",14,-1,4,3,41,43,10,3,28,NA,0,84,77,0,0,0,1,0,0,0,1,0,0,0,5,5,0,2,1,2,13,15,NA,NA,NA,0,0,0,"6"
10526424,13.3,"Randolph North","2025-07-13","white","hole_12",10,0,5,5,41,43,10,3,28,NA,0,84,77,0,0,0,1,0,0,0,0,1,0,1,5,5,0,2,1,2,13,15,NA,NA,NA,0,0,0,"D"
10526424,13.3,"Randolph North","2025-07-13","white","hole_13",16,-1,5,4,41,43,10,3,28,NA,0,84,77,0,0,1,0,0,1,0,0,0,0,1,5,5,0,2,1,1,13,15,NA,NA,NA,0,0,0,"D"
10526424,13.3,"Randolph North","2025-07-13","white","hole_14",8,0,5,5,41,43,10,3,28,NA,0,84,77,0,0,0,1,0,0,0,0,1,0,0,5,5,0,2,1,2,13,15,NA,NA,NA,0,0,0,"D"
10526424,13.3,"Randolph North","2025-07-13","white","hole_15",6,0,4,4,41,43,10,3,28,NA,0,84,77,0,0,0,1,0,0,0,0,1,0,0,5,5,0,2,1,2,13,15,NA,NA,NA,0,0,0,"7"
10526424,13.3,"Randolph North","2025-07-13","white","hole_16",18,-1,6,5,41,43,10,3,28,NA,0,84,77,0,0,0,1,0,0,0,1,0,0,0,5,5,0,2,1,2,13,15,NA,NA,NA,0,0,0,"D"
10526424,13.3,"Randolph North","2025-07-13","white","hole_17",12,-1,3,2,41,43,10,3,28,NA,0,84,77,1,0,0,0,0,0,1,0,0,0,1,5,5,1,2,1,1,13,15,NA,NA,NA,0,0,0,"D"
10526424,13.3,"Randolph North","2025-07-13","white","hole_18",4,0,6,6,41,43,10,3,28,NA,0,84,77,0,0,0,0,1,0,0,0,0,1,1,5,5,0,2,1,2,13,15,NA,NA,NA,0,0,0,"D"
10526424,13.6,"Randolph North","2025-07-20","white","hole_1",7,0,5,5,46,43,NA,NA,NA,NA,NA,89,82,0,0,0,1,0,0,0,0,1,0,NA,NA,NA,NA,NA,NA,NA,NA,NA,NA,NA,NA,NA,NA,NA,"NA"
10526424,13.6,"Randolph North","2025-07-20","white","hole_2",9,0,7,7,46,43,NA,NA,NA,NA,NA,89,82,0,0,0,0,1,0,0,0,0,1,NA,NA,NA,NA,NA,NA,NA,NA,NA,NA,NA,NA,NA,NA,NA,"NA"
10526424,13.6,"Randolph North","2025-07-20","white","hole_3",11,0,4,4,46,43,NA,NA,NA,NA,NA,89,82,1,0,0,0,0,1,0,0,0,0,NA,NA,NA,NA,NA,NA,NA,NA,NA,NA,NA,NA,NA,NA,NA,"NA"
10526424,13.6,"Randolph North","2025-07-20","white","hole_4",1,0,4,4,46,43,NA,NA,NA,NA,NA,89,82,0,0,1,0,0,0,0,1,0,0,NA,NA,NA,NA,NA,NA,NA,NA,NA,NA,NA,NA,NA,NA,NA,"NA"
10526424,13.6,"Randolph North","2025-07-20","white","hole_5",3,0,5,5,46,43,NA,NA,NA,NA,NA,89,82,0,0,0,1,0,0,0,0,1,0,NA,NA,NA,NA,NA,NA,NA,NA,NA,NA,NA,NA,NA,NA,NA,"NA"
10526424,13.6,"Randolph North","2025-07-20","white","hole_6",13,-1,6,5,46,43,NA,NA,NA,NA,NA,89,82,0,0,0,0,1,0,0,0,0,1,NA,NA,NA,NA,NA,NA,NA,NA,NA,NA,NA,NA,NA,NA,NA,"NA"
10526424,13.6,"Randolph North","2025-07-20","white","hole_7",15,-1,6,5,46,43,NA,NA,NA,NA,NA,89,82,0,0,0,0,1,0,0,0,1,0,NA,NA,NA,NA,NA,NA,NA,NA,NA,NA,NA,NA,NA,NA,NA,"NA"
10526424,13.6,"Randolph North","2025-07-20","white","hole_8",5,0,5,5,46,43,NA,NA,NA,NA,NA,89,82,0,0,0,0,1,0,0,0,0,1,NA,NA,NA,NA,NA,NA,NA,NA,NA,NA,NA,NA,NA,NA,NA,"NA"
10526424,13.6,"Randolph North","2025-07-20","white","hole_9",17,-1,4,3,46,43,NA,NA,NA,NA,NA,89,82,1,0,0,0,0,0,1,0,0,0,NA,NA,NA,NA,NA,NA,NA,NA,NA,NA,NA,NA,NA,NA,NA,"NA"
10526424,13.6,"Randolph North","2025-07-20","white","hole_10",2,0,5,5,46,43,NA,NA,NA,NA,NA,89,82,0,0,0,1,0,0,0,0,1,0,NA,NA,NA,NA,NA,NA,NA,NA,NA,NA,NA,NA,NA,NA,NA,"NA"
10526424,13.6,"Randolph North","2025-07-20","white","hole_11",14,-1,4,3,46,43,NA,NA,NA,NA,NA,89,82,0,0,0,1,0,0,0,1,0,0,NA,NA,NA,NA,NA,NA,NA,NA,NA,NA,NA,NA,NA,NA,NA,"NA"
10526424,13.6,"Randolph North","2025-07-20","white","hole_12",10,0,5,5,46,43,NA,NA,NA,NA,NA,89,82,0,0,0,1,0,0,0,0,1,0,NA,NA,NA,NA,NA,NA,NA,NA,NA,NA,NA,NA,NA,NA,NA,"NA"
10526424,13.6,"Randolph North","2025-07-20","white","hole_13",16,-1,4,3,46,43,NA,NA,NA,NA,NA,89,82,1,0,0,0,0,0,1,0,0,0,NA,NA,NA,NA,NA,NA,NA,NA,NA,NA,NA,NA,NA,NA,NA,"NA"
10526424,13.6,"Randolph North","2025-07-20","white","hole_14",8,0,4,4,46,43,NA,NA,NA,NA,NA,89,82,0,0,1,0,0,0,0,1,0,0,NA,NA,NA,NA,NA,NA,NA,NA,NA,NA,NA,NA,NA,NA,NA,"NA"
10526424,13.6,"Randolph North","2025-07-20","white","hole_15",6,0,5,5,46,43,NA,NA,NA,NA,NA,89,82,0,0,0,0,1,0,0,0,0,1,NA,NA,NA,NA,NA,NA,NA,NA,NA,NA,NA,NA,NA,NA,NA,"NA"
10526424,13.6,"Randolph North","2025-07-20","white","hole_16",18,-1,4,3,46,43,NA,NA,NA,NA,NA,89,82,1,0,0,0,0,0,1,0,0,0,NA,NA,NA,NA,NA,NA,NA,NA,NA,NA,NA,NA,NA,NA,NA,"NA"
10526424,13.6,"Randolph North","2025-07-20","white","hole_17",12,-1,6,5,46,43,NA,NA,NA,NA,NA,89,82,0,0,0,0,1,0,0,0,1,0,NA,NA,NA,NA,NA,NA,NA,NA,NA,NA,NA,NA,NA,NA,NA,"NA"
10526424,13.6,"Randolph North","2025-07-20","white","hole_18",4,0,6,6,46,43,NA,NA,NA,NA,NA,89,82,0,0,0,0,1,0,0,0,0,1,NA,NA,NA,NA,NA,NA,NA,NA,NA,NA,NA,NA,NA,NA,NA,"NA"
10526424,14,"Sewailo","2025-07-27","white","hole_1",8,0,6,6,44,44,NA,NA,NA,NA,NA,88,80,0,0,0,0,1,0,0,0,0,1,NA,NA,NA,NA,NA,NA,NA,NA,NA,NA,NA,NA,NA,NA,NA,"NA"
10526424,14,"Sewailo","2025-07-27","white","hole_2",16,-1,4,3,44,44,NA,NA,NA,NA,NA,88,80,0,0,1,0,0,1,0,0,0,0,NA,NA,NA,NA,NA,NA,NA,NA,NA,NA,NA,NA,NA,NA,NA,"NA"
10526424,14,"Sewailo","2025-07-27","white","hole_3",10,0,3,3,44,44,NA,NA,NA,NA,NA,88,80,0,0,1,0,0,0,0,1,0,0,NA,NA,NA,NA,NA,NA,NA,NA,NA,NA,NA,NA,NA,NA,NA,"NA"
10526424,14,"Sewailo","2025-07-27","white","hole_4",2,0,7,7,44,44,NA,NA,NA,NA,NA,88,80,0,0,0,0,1,0,0,0,0,1,NA,NA,NA,NA,NA,NA,NA,NA,NA,NA,NA,NA,NA,NA,NA,"NA"
10526424,14,"Sewailo","2025-07-27","white","hole_5",4,0,4,4,44,44,NA,NA,NA,NA,NA,88,80,0,0,1,0,0,0,0,1,0,0,NA,NA,NA,NA,NA,NA,NA,NA,NA,NA,NA,NA,NA,NA,NA,"NA"
10526424,14,"Sewailo","2025-07-27","white","hole_6",18,-1,7,6,44,44,NA,NA,NA,NA,NA,88,80,0,0,0,0,1,0,0,0,1,0,NA,NA,NA,NA,NA,NA,NA,NA,NA,NA,NA,NA,NA,NA,NA,"NA"
10526424,14,"Sewailo","2025-07-27","white","hole_7",12,-1,4,3,44,44,NA,NA,NA,NA,NA,88,80,0,0,0,1,0,0,0,1,0,0,NA,NA,NA,NA,NA,NA,NA,NA,NA,NA,NA,NA,NA,NA,NA,"NA"
10526424,14,"Sewailo","2025-07-27","white","hole_8",14,-1,5,4,44,44,NA,NA,NA,NA,NA,88,80,0,0,1,0,0,1,0,0,0,0,NA,NA,NA,NA,NA,NA,NA,NA,NA,NA,NA,NA,NA,NA,NA,"NA"
10526424,14,"Sewailo","2025-07-27","white","hole_9",6,0,4,4,44,44,NA,NA,NA,NA,NA,88,80,0,0,1,0,0,0,0,1,0,0,NA,NA,NA,NA,NA,NA,NA,NA,NA,NA,NA,NA,NA,NA,NA,"NA"
10526424,14,"Sewailo","2025-07-27","white","hole_10",1,0,5,5,44,44,NA,NA,NA,NA,NA,88,80,0,0,1,0,0,0,0,1,0,0,NA,NA,NA,NA,NA,NA,NA,NA,NA,NA,NA,NA,NA,NA,NA,"NA"
10526424,14,"Sewailo","2025-07-27","white","hole_11",3,0,5,5,44,44,NA,NA,NA,NA,NA,88,80,0,0,0,1,0,0,0,0,1,0,NA,NA,NA,NA,NA,NA,NA,NA,NA,NA,NA,NA,NA,NA,NA,"NA"
10526424,14,"Sewailo","2025-07-27","white","hole_12",9,0,4,4,44,44,NA,NA,NA,NA,NA,88,80,0,0,1,0,0,0,0,1,0,0,NA,NA,NA,NA,NA,NA,NA,NA,NA,NA,NA,NA,NA,NA,NA,"NA"
10526424,14,"Sewailo","2025-07-27","white","hole_13",13,-1,4,3,44,44,NA,NA,NA,NA,NA,88,80,0,0,0,1,0,0,0,1,0,0,NA,NA,NA,NA,NA,NA,NA,NA,NA,NA,NA,NA,NA,NA,NA,"NA"
10526424,14,"Sewailo","2025-07-27","white","hole_14",7,0,5,5,44,44,NA,NA,NA,NA,NA,88,80,0,0,1,0,0,0,0,1,0,0,NA,NA,NA,NA,NA,NA,NA,NA,NA,NA,NA,NA,NA,NA,NA,"NA"
10526424,14,"Sewailo","2025-07-27","white","hole_15",17,-1,4,3,44,44,NA,NA,NA,NA,NA,88,80,0,0,0,1,0,0,0,1,0,0,NA,NA,NA,NA,NA,NA,NA,NA,NA,NA,NA,NA,NA,NA,NA,"NA"
10526424,14,"Sewailo","2025-07-27","white","hole_16",15,-1,6,5,44,44,NA,NA,NA,NA,NA,88,80,0,0,0,0,1,0,0,0,1,0,NA,NA,NA,NA,NA,NA,NA,NA,NA,NA,NA,NA,NA,NA,NA,"NA"
10526424,14,"Sewailo","2025-07-27","white","hole_17",5,0,7,7,44,44,NA,NA,NA,NA,NA,88,80,0,0,0,0,1,0,0,0,0,1,NA,NA,NA,NA,NA,NA,NA,NA,NA,NA,NA,NA,NA,NA,NA,"NA"
10526424,14,"Sewailo","2025-07-27","white","hole_18",11,-1,4,3,44,44,NA,NA,NA,NA,NA,88,80,0,0,1,0,0,1,0,0,0,0,NA,NA,NA,NA,NA,NA,NA,NA,NA,NA,NA,NA,NA,NA,NA,"NA"
10526424,14,"Dell Urich","2025-08-03","white","hole_1",9,0,5,5,39,33,5,10,31,9,0,72,65,0,0,0,1,0,0,0,0,1,0,1,3,2,0,4,6,2,18,13,1,6,3,0,0,0,"4"
10526424,14,"Dell Urich","2025-08-03","white","hole_2",5,0,4,4,39,33,5,10,31,9,0,72,65,0,0,0,1,0,0,0,0,1,0,0,3,2,0,4,6,2,18,13,1,6,3,0,0,0,"7"
10526424,14,"Dell Urich","2025-08-03","white","hole_3",13,-1,5,4,39,33,5,10,31,9,0,72,65,0,0,1,0,0,1,0,0,0,0,0,3,2,1,4,6,2,18,13,1,6,3,0,0,0,"D"
10526424,14,"Dell Urich","2025-08-03","white","hole_4",17,-1,5,4,39,33,5,10,31,9,0,72,65,0,0,0,1,0,0,0,1,0,0,0,3,2,1,4,6,3,18,13,0,6,3,0,0,0,"D"
10526424,14,"Dell Urich","2025-08-03","white","hole_5",11,0,4,4,39,33,5,10,31,9,0,72,65,0,0,0,1,0,0,0,0,1,0,0,3,2,0,4,6,2,18,13,1,6,3,0,0,0,"GW"
10526424,14,"Dell Urich","2025-08-03","white","hole_6",15,-1,4,3,39,33,5,10,31,9,0,72,65,1,0,0,0,0,0,1,0,0,0,1,3,2,1,4,6,2,18,13,0,6,3,0,0,0,"D"
10526424,14,"Dell Urich","2025-08-03","white","hole_7",1,0,5,5,39,33,5,10,31,9,0,72,65,0,0,0,1,0,0,0,0,1,0,0,3,2,0,4,6,2,18,13,1,6,3,0,0,0,"D"
10526424,14,"Dell Urich","2025-08-03","white","hole_8",3,0,4,4,39,33,5,10,31,9,0,72,65,0,0,1,0,0,0,0,1,0,0,1,3,2,1,4,6,2,18,13,0,6,3,0,0,0,"D"
10526424,14,"Dell Urich","2025-08-03","white","hole_9",7,0,3,3,39,33,5,10,31,9,0,72,65,0,0,1,0,0,0,0,1,0,0,0,3,2,0,4,6,1,18,13,1,6,3,0,0,0,"7"
10526424,14,"Dell Urich","2025-08-03","white","hole_10",10,0,4,4,39,33,5,10,31,9,0,72,65,0,0,1,0,0,0,0,1,0,0,1,3,2,1,4,6,2,18,13,0,6,3,0,0,0,"4"
10526424,14,"Dell Urich","2025-08-03","white","hole_11",16,-1,3,2,39,33,5,10,31,9,0,72,65,0,0,1,0,0,1,0,0,0,0,0,3,2,0,4,6,1,18,13,1,6,3,0,0,0,"7"
10526424,14,"Dell Urich","2025-08-03","white","hole_12",6,0,3,3,39,33,5,10,31,9,0,72,65,1,0,0,0,0,1,0,0,0,0,0,3,2,1,4,6,1,18,13,0,6,3,0,0,0,"D"
10526424,14,"Dell Urich","2025-08-03","white","hole_13",18,-1,5,4,39,33,5,10,31,9,0,72,65,0,0,1,0,0,1,0,0,0,0,0,3,2,0,4,6,1,18,13,1,6,3,0,0,0,"D"
10526424,14,"Dell Urich","2025-08-03","white","hole_14",4,0,4,4,39,33,5,10,31,9,0,72,65,0,0,1,0,0,0,0,1,0,0,0,3,2,1,4,6,2,18,13,0,6,3,0,0,0,"D"
10526424,14,"Dell Urich","2025-08-03","white","hole_15",14,-1,4,3,39,33,5,10,31,9,0,72,65,0,0,1,0,0,1,0,0,0,0,1,3,2,0,4,6,1,18,13,1,6,3,0,0,0,"D"
10526424,14,"Dell Urich","2025-08-03","white","hole_16",8,0,4,4,39,33,5,10,31,9,0,72,65,0,0,1,0,0,0,0,1,0,0,0,3,2,1,4,6,2,18,13,0,6,3,0,0,0,"4"
10526424,14,"Dell Urich","2025-08-03","white","hole_17",12,-1,3,2,39,33,5,10,31,9,0,72,65,0,0,1,0,0,1,0,0,0,0,0,3,2,1,4,6,2,18,13,0,6,3,0,0,0,"GW"
10526424,14,"Dell Urich","2025-08-03","white","hole_18",2,0,3,3,39,33,5,10,31,9,0,72,65,1,0,0,0,0,1,0,0,0,0,0,3,2,1,4,6,1,18,13,0,6,3,0,0,0,"D"
10526424,11.9,"Arizona National","2025-08-24","white","hole_1",10,-1,5,4,44,45,NA,NA,NA,NA,NA,89,77,0,0,0,1,0,0,0,1,0,0,NA,NA,NA,NA,NA,NA,NA,NA,NA,NA,NA,NA,NA,NA,NA,"NA"
10526424,11.9,"Arizona National","2025-08-24","white","hole_2",2,0,5,5,44,45,NA,NA,NA,NA,NA,89,77,0,0,1,0,0,0,0,1,0,0,NA,NA,NA,NA,NA,NA,NA,NA,NA,NA,NA,NA,NA,NA,NA,"NA"
10526424,11.9,"Arizona National","2025-08-24","white","hole_3",18,-1,4,3,44,45,NA,NA,NA,NA,NA,89,77,0,0,1,0,0,1,0,0,0,0,NA,NA,NA,NA,NA,NA,NA,NA,NA,NA,NA,NA,NA,NA,NA,"NA"
10526424,11.9,"Arizona National","2025-08-24","white","hole_4",8,-1,3,2,44,45,NA,NA,NA,NA,NA,89,77,0,0,1,0,0,1,0,0,0,0,NA,NA,NA,NA,NA,NA,NA,NA,NA,NA,NA,NA,NA,NA,NA,"NA"
10526424,11.9,"Arizona National","2025-08-24","white","hole_5",4,0,8,8,44,45,NA,NA,NA,NA,NA,89,77,0,0,0,0,1,0,0,0,0,1,NA,NA,NA,NA,NA,NA,NA,NA,NA,NA,NA,NA,NA,NA,NA,"NA"
10526424,11.9,"Arizona National","2025-08-24","white","hole_6",16,-1,3,2,44,45,NA,NA,NA,NA,NA,89,77,0,0,1,0,0,1,0,0,0,0,NA,NA,NA,NA,NA,NA,NA,NA,NA,NA,NA,NA,NA,NA,NA,"NA"
10526424,11.9,"Arizona National","2025-08-24","white","hole_7",12,-1,6,5,44,45,NA,NA,NA,NA,NA,89,77,0,0,0,0,1,0,0,0,1,0,NA,NA,NA,NA,NA,NA,NA,NA,NA,NA,NA,NA,NA,NA,NA,"NA"
10526424,11.9,"Arizona National","2025-08-24","white","hole_8",14,-1,6,5,44,45,NA,NA,NA,NA,NA,89,77,0,0,0,0,1,0,0,0,1,0,NA,NA,NA,NA,NA,NA,NA,NA,NA,NA,NA,NA,NA,NA,NA,"NA"
10526424,11.9,"Arizona National","2025-08-24","white","hole_9",6,0,4,4,44,45,NA,NA,NA,NA,NA,89,77,0,0,0,1,0,0,0,0,1,0,NA,NA,NA,NA,NA,NA,NA,NA,NA,NA,NA,NA,NA,NA,NA,"NA"
10526424,11.9,"Arizona National","2025-08-24","white","hole_10",3,0,5,5,44,45,NA,NA,NA,NA,NA,89,77,0,0,0,1,0,0,0,0,1,0,NA,NA,NA,NA,NA,NA,NA,NA,NA,NA,NA,NA,NA,NA,NA,"NA"
10526424,11.9,"Arizona National","2025-08-24","white","hole_11",1,0,7,7,44,45,NA,NA,NA,NA,NA,89,77,0,0,0,0,1,0,0,0,0,1,NA,NA,NA,NA,NA,NA,NA,NA,NA,NA,NA,NA,NA,NA,NA,"NA"
10526424,11.9,"Arizona National","2025-08-24","white","hole_12",17,-1,4,3,44,45,NA,NA,NA,NA,NA,89,77,0,0,0,1,0,0,0,1,0,0,NA,NA,NA,NA,NA,NA,NA,NA,NA,NA,NA,NA,NA,NA,NA,"NA"
10526424,11.9,"Arizona National","2025-08-24","white","hole_13",9,-1,6,5,44,45,NA,NA,NA,NA,NA,89,77,0,0,0,0,1,0,0,0,1,0,NA,NA,NA,NA,NA,NA,NA,NA,NA,NA,NA,NA,NA,NA,NA,"NA"
10526424,11.9,"Arizona National","2025-08-24","white","hole_14",7,-1,5,4,44,45,NA,NA,NA,NA,NA,89,77,0,0,0,1,0,0,0,1,0,0,NA,NA,NA,NA,NA,NA,NA,NA,NA,NA,NA,NA,NA,NA,NA,"NA"
10526424,11.9,"Arizona National","2025-08-24","white","hole_15",5,0,4,4,44,45,NA,NA,NA,NA,NA,89,77,0,0,1,0,0,0,0,1,0,0,NA,NA,NA,NA,NA,NA,NA,NA,NA,NA,NA,NA,NA,NA,NA,"NA"
10526424,11.9,"Arizona National","2025-08-24","white","hole_16",13,-1,5,4,44,45,NA,NA,NA,NA,NA,89,77,0,0,0,1,0,0,0,1,0,0,NA,NA,NA,NA,NA,NA,NA,NA,NA,NA,NA,NA,NA,NA,NA,"NA"
10526424,11.9,"Arizona National","2025-08-24","white","hole_17",11,-1,4,3,44,45,NA,NA,NA,NA,NA,89,77,0,0,0,1,0,0,0,1,0,0,NA,NA,NA,NA,NA,NA,NA,NA,NA,NA,NA,NA,NA,NA,NA,"NA"
10526424,11.9,"Arizona National","2025-08-24","white","hole_18",15,-1,5,4,44,45,NA,NA,NA,NA,NA,89,77,0,0,1,0,0,1,0,0,0,0,NA,NA,NA,NA,NA,NA,NA,NA,NA,NA,NA,NA,NA,NA,NA,"NA"
10526424,11.9,"Dell Urich","2025-08-31","white","hole_1",9,0,4,4,41,44,4,5,34,5,0,85,76,0,0,1,0,0,0,0,1,0,0,0,3,1,0,2,3,1,16,18,1,2,3,0,0,0,"4"
10526424,11.9,"Dell Urich","2025-08-31","white","hole_2",5,0,4,4,41,44,4,5,34,5,0,85,76,0,0,0,1,0,0,0,0,1,0,0,3,1,0,2,3,2,16,18,0,2,3,0,0,0,"7"
10526424,11.9,"Dell Urich","2025-08-31","white","hole_3",13,-1,5,4,41,44,4,5,34,5,0,85,76,0,0,1,0,0,1,0,0,0,0,1,3,1,1,2,3,3,16,18,0,2,3,0,0,0,"D"
10526424,11.9,"Dell Urich","2025-08-31","white","hole_4",17,-1,4,3,41,44,4,5,34,5,0,85,76,0,0,1,0,0,1,0,0,0,0,1,3,1,1,2,3,2,16,18,0,2,3,0,0,0,"D"
10526424,11.9,"Dell Urich","2025-08-31","white","hole_5",11,-1,4,3,41,44,4,5,34,5,0,85,76,0,0,0,1,0,0,0,1,0,0,0,3,1,0,2,3,2,16,18,0,2,3,0,0,0,"GW"
10526424,11.9,"Dell Urich","2025-08-31","white","hole_6",15,-1,5,4,41,44,4,5,34,5,0,85,76,0,0,1,0,0,1,0,0,0,0,1,3,1,0,2,3,1,16,18,0,2,3,0,0,0,"D"
10526424,11.9,"Dell Urich","2025-08-31","white","hole_7",1,0,6,6,41,44,4,5,34,5,0,85,76,0,0,0,0,1,0,0,0,0,1,0,3,1,0,2,3,3,16,18,0,2,3,0,0,0,"D"
10526424,11.9,"Dell Urich","2025-08-31","white","hole_8",3,0,6,6,41,44,4,5,34,5,0,85,76,0,0,0,0,1,0,0,0,0,1,0,3,1,0,2,3,1,16,18,0,2,3,0,0,0,"D"
10526424,11.9,"Dell Urich","2025-08-31","white","hole_9",7,0,3,3,41,44,4,5,34,5,0,85,76,0,0,1,0,0,0,0,1,0,0,0,3,1,0,2,3,1,16,18,1,2,3,0,0,0,"7"
10526424,11.9,"Dell Urich","2025-08-31","white","hole_10",10,-1,5,4,41,44,4,5,34,5,0,85,76,0,0,0,1,0,0,0,1,0,0,0,3,1,1,2,3,3,16,18,0,2,3,0,0,0,"4"
10526424,11.9,"Dell Urich","2025-08-31","white","hole_11",16,-1,4,3,41,44,4,5,34,5,0,85,76,0,0,0,1,0,0,0,1,0,0,0,3,1,0,2,3,1,16,18,2,2,3,0,0,0,"7"
10526424,11.9,"Dell Urich","2025-08-31","white","hole_12",6,0,5,5,41,44,4,5,34,5,0,85,76,0,0,0,1,0,0,0,0,1,0,0,3,1,0,2,3,2,16,18,1,2,3,0,0,0,"D"
10526424,11.9,"Dell Urich","2025-08-31","white","hole_13",18,-1,4,3,41,44,4,5,34,5,0,85,76,1,0,0,0,0,0,1,0,0,0,0,3,1,1,2,3,2,16,18,0,2,3,0,0,0,"D"
10526424,11.9,"Dell Urich","2025-08-31","white","hole_14",4,0,6,6,41,44,4,5,34,5,0,85,76,0,0,0,0,1,0,0,0,0,1,0,3,1,0,2,3,2,16,18,0,2,3,0,0,0,"D"
10526424,11.9,"Dell Urich","2025-08-31","white","hole_15",14,-1,5,4,41,44,4,5,34,5,0,85,76,0,0,0,1,0,0,0,1,0,0,0,3,1,0,2,3,2,16,18,0,2,3,0,0,0,"D"
10526424,11.9,"Dell Urich","2025-08-31","white","hole_16",8,0,7,7,41,44,4,5,34,5,0,85,76,0,0,0,0,1,0,0,0,0,1,0,3,1,0,2,3,2,16,18,0,2,3,0,0,0,"4"
10526424,11.9,"Dell Urich","2025-08-31","white","hole_17",12,-1,4,3,41,44,4,5,34,5,0,85,76,0,0,0,1,0,0,0,1,0,0,0,3,1,0,2,3,2,16,18,0,2,3,0,0,0,"GW"
10526424,11.9,"Dell Urich","2025-08-31","white","hole_18",2,0,4,4,41,44,4,5,34,5,0,85,76,0,0,1,0,0,0,0,1,0,0,1,3,1,1,2,3,2,16,18,0,2,3,0,0,0,"D"
10526424,11.9,"Dell Urich","2025-09-07","white","hole_1",9,0,6,6,42,41,8,5,36,11,0,83,74,0,0,0,0,1,0,0,0,0,1,1,3,5,0,3,2,3,19,17,1,4,7,0,0,0,"4"
10526424,11.9,"Dell Urich","2025-09-07","white","hole_2",5,0,4,4,42,41,8,5,36,11,0,83,74,0,0,0,1,0,0,0,0,1,0,0,3,5,1,3,2,3,19,17,0,4,7,0,0,0,"7"
10526424,11.9,"Dell Urich","2025-09-07","white","hole_3",13,-1,5,4,42,41,8,5,36,11,0,83,74,0,0,1,0,0,1,0,0,0,0,0,3,5,1,3,2,2,19,17,0,4,7,0,0,0,"D"
10526424,11.9,"Dell Urich","2025-09-07","white","hole_4",17,-1,5,4,42,41,8,5,36,11,0,83,74,0,0,0,1,0,0,0,1,0,0,1,3,5,0,3,2,2,19,17,1,4,7,0,0,0,"D"
10526424,11.9,"Dell Urich","2025-09-07","white","hole_5",11,-1,3,2,42,41,8,5,36,11,0,83,74,0,0,1,0,0,1,0,0,0,0,0,3,5,1,3,2,2,19,17,0,4,7,0,0,0,"GW"
10526424,11.9,"Dell Urich","2025-09-07","white","hole_6",15,-1,6,5,42,41,8,5,36,11,0,83,74,0,0,0,1,0,0,0,1,0,0,0,3,5,0,3,2,2,19,17,0,4,7,0,0,0,"D"
10526424,11.9,"Dell Urich","2025-09-07","white","hole_7",1,0,5,5,42,41,8,5,36,11,0,83,74,0,0,0,1,0,0,0,0,1,0,0,3,5,0,3,2,2,19,17,1,4,7,0,0,0,"D"
10526424,11.9,"Dell Urich","2025-09-07","white","hole_8",3,0,4,4,42,41,8,5,36,11,0,83,74,0,0,1,0,0,0,0,1,0,0,1,3,5,0,3,2,1,19,17,0,4,7,0,0,0,"D"
10526424,11.9,"Dell Urich","2025-09-07","white","hole_9",7,0,4,4,42,41,8,5,36,11,0,83,74,0,0,0,1,0,0,0,0,1,0,0,3,5,0,3,2,2,19,17,1,4,7,0,0,0,"7"
10526424,11.9,"Dell Urich","2025-09-07","white","hole_10",10,-1,5,4,42,41,8,5,36,11,0,83,74,0,0,0,1,0,0,0,1,0,0,1,3,5,0,3,2,2,19,17,1,4,7,0,0,0,"4"
10526424,11.9,"Dell Urich","2025-09-07","white","hole_11",16,-1,4,3,42,41,8,5,36,11,0,83,74,0,0,0,1,0,0,0,1,0,0,0,3,5,0,3,2,2,19,17,1,4,7,0,0,0,"7"
10526424,11.9,"Dell Urich","2025-09-07","white","hole_12",6,0,4,4,42,41,8,5,36,11,0,83,74,0,0,1,0,0,0,0,1,0,0,1,3,5,1,3,2,2,19,17,0,4,7,0,0,0,"D"
10526424,11.9,"Dell Urich","2025-09-07","white","hole_13",18,-1,6,5,42,41,8,5,36,11,0,83,74,0,0,0,1,0,0,0,1,0,0,1,3,5,0,3,2,2,19,17,2,4,7,0,0,0,"D"
10526424,11.9,"Dell Urich","2025-09-07","white","hole_14",4,0,5,5,42,41,8,5,36,11,0,83,74,0,0,0,1,0,0,0,0,1,0,1,3,5,0,3,2,2,19,17,1,4,7,0,0,0,"D"
10526424,11.9,"Dell Urich","2025-09-07","white","hole_15",14,-1,4,3,42,41,8,5,36,11,0,83,74,0,0,1,0,0,1,0,0,0,0,1,3,5,0,3,2,1,19,17,1,4,7,0,0,0,"D"
10526424,11.9,"Dell Urich","2025-09-07","white","hole_16",8,0,5,5,42,41,8,5,36,11,0,83,74,0,0,0,1,0,0,0,0,1,0,0,3,5,0,3,2,2,19,17,1,4,7,0,0,0,"4"
10526424,11.9,"Dell Urich","2025-09-07","white","hole_17",12,-1,3,2,42,41,8,5,36,11,0,83,74,0,0,1,0,0,1,0,0,0,0,0,3,5,1,3,2,2,19,17,0,4,7,0,0,0,"GW"
10526424,11.9,"Dell Urich","2025-09-07","white","hole_18",2,0,5,5,42,41,8,5,36,11,0,83,74,0,0,0,1,0,0,0,0,1,0,0,3,5,0,3,2,2,19,17,0,4,7,0,0,0,"D"
10526424,12.4,"Randolph North","2025-09-21","white","hole_1",7,0,5,5,46,44,3,2,33,NA,0,90,82,0,0,0,1,0,0,0,0,1,0,0,2,1,0,0,2,1,15,18,NA,NA,NA,0,0,0,"4"
10526424,12.4,"Randolph North","2025-09-21","white","hole_2",9,0,6,6,46,44,3,2,33,NA,0,90,82,0,0,0,0,1,0,0,0,0,1,0,2,1,0,0,2,2,15,18,NA,NA,NA,0,0,0,"4"
10526424,12.4,"Randolph North","2025-09-21","white","hole_3",11,-1,5,4,46,44,3,2,33,NA,0,90,82,0,0,1,0,0,1,0,0,0,0,1,2,1,0,0,2,1,15,18,NA,NA,NA,0,0,0,"D"
10526424,12.4,"Randolph North","2025-09-21","white","hole_4",1,0,5,5,46,44,3,2,33,NA,0,90,82,0,0,0,1,0,0,0,0,1,0,1,2,1,0,0,2,2,15,18,NA,NA,NA,0,0,0,"D"
10526424,12.4,"Randolph North","2025-09-21","white","hole_5",3,0,5,5,46,44,3,2,33,NA,0,90,82,0,0,0,1,0,0,0,0,1,0,0,2,1,0,0,2,2,15,18,NA,NA,NA,0,0,0,"D"
10526424,12.4,"Randolph North","2025-09-21","white","hole_6",13,-1,3,2,46,44,3,2,33,NA,0,90,82,0,0,1,0,0,1,0,0,0,0,0,2,1,0,0,2,1,15,18,NA,NA,NA,0,0,0,"GW"
10526424,12.4,"Randolph North","2025-09-21","white","hole_7",15,-1,6,5,46,44,3,2,33,NA,0,90,82,0,0,0,0,1,0,0,0,1,0,0,2,1,0,0,2,2,15,18,NA,NA,NA,0,0,0,"4"
10526424,12.4,"Randolph North","2025-09-21","white","hole_8",5,0,4,4,46,44,3,2,33,NA,0,90,82,0,0,0,1,0,0,0,0,1,0,0,2,1,0,0,2,2,15,18,NA,NA,NA,0,0,0,"7"
10526424,12.4,"Randolph North","2025-09-21","white","hole_9",17,-1,7,6,46,44,3,2,33,NA,0,90,82,0,0,0,0,1,0,0,0,1,0,0,2,1,0,0,2,2,15,18,NA,NA,NA,0,0,0,"D"
10526424,12.4,"Randolph North","2025-09-21","white","hole_10",2,0,6,6,46,44,3,2,33,NA,0,90,82,0,0,0,0,1,0,0,0,0,1,0,2,1,0,0,2,2,15,18,NA,NA,NA,0,0,0,"D"
10526424,12.4,"Randolph North","2025-09-21","white","hole_11",14,-1,5,4,46,44,3,2,33,NA,0,90,82,0,0,0,0,1,0,0,0,1,0,0,2,1,0,0,2,3,15,18,NA,NA,NA,0,0,0,"7"
10526424,12.4,"Randolph North","2025-09-21","white","hole_12",10,0,4,4,46,44,3,2,33,NA,0,90,82,0,0,1,0,0,0,0,1,0,0,0,2,1,0,0,2,1,15,18,NA,NA,NA,0,0,0,"D"
10526424,12.4,"Randolph North","2025-09-21","white","hole_13",16,-1,6,5,46,44,3,2,33,NA,0,90,82,0,0,0,1,0,0,0,1,0,0,0,2,1,0,0,2,2,15,18,NA,NA,NA,0,0,0,"D"
10526424,12.4,"Randolph North","2025-09-21","white","hole_14",8,0,5,5,46,44,3,2,33,NA,0,90,82,0,0,0,1,0,0,0,0,1,0,0,2,1,0,0,2,2,15,18,NA,NA,NA,0,0,0,"D"
10526424,12.4,"Randolph North","2025-09-21","white","hole_15",6,0,4,4,46,44,3,2,33,NA,0,90,82,0,0,0,1,0,0,0,0,1,0,0,2,1,0,0,2,2,15,18,NA,NA,NA,0,0,0,"7"
10526424,12.4,"Randolph North","2025-09-21","white","hole_16",18,-1,5,4,46,44,3,2,33,NA,0,90,82,0,0,1,0,0,1,0,0,0,0,1,2,1,1,0,2,2,15,18,NA,NA,NA,0,0,0,"D"
10526424,12.4,"Randolph North","2025-09-21","white","hole_17",12,-1,5,4,46,44,3,2,33,NA,0,90,82,0,0,0,1,0,0,0,1,0,0,0,2,1,0,0,2,2,15,18,NA,NA,NA,0,0,0,"D"
10526424,12.4,"Randolph North","2025-09-21","white","hole_18",4,0,4,4,46,44,3,2,33,NA,0,90,82,0,0,1,0,0,0,0,1,0,0,0,2,1,1,0,2,2,15,18,NA,NA,NA,0,0,0,"D"
10526424,12.4,"Randolph North","2025-10-05","white","hole_1",7,0,5,5,39,43,4,5,30,10,0,82,74,0,0,0,1,0,0,0,0,1,0,1,3,1,0,2,3,1,12,18,2,6,4,0,0,0,"4"
10526424,12.4,"Randolph North","2025-10-05","white","hole_2",9,0,5,5,39,43,4,5,30,10,0,82,74,0,0,0,1,0,0,0,0,1,0,1,3,1,0,2,3,2,12,18,1,6,4,0,0,0,"4"
10526424,12.4,"Randolph North","2025-10-05","white","hole_3",11,-1,6,5,39,43,4,5,30,10,0,82,74,0,0,0,1,0,0,0,1,0,0,0,3,1,0,2,3,1,12,18,2,6,4,0,0,0,"D"
10526424,12.4,"Randolph North","2025-10-05","white","hole_4",1,0,4,4,39,43,4,5,30,10,0,82,74,0,0,1,0,0,0,0,1,0,0,1,3,1,1,2,3,2,12,18,0,6,4,0,0,0,"D"
10526424,12.4,"Randolph North","2025-10-05","white","hole_5",3,0,5,5,39,43,4,5,30,10,0,82,74,0,0,0,1,0,0,0,0,1,0,0,3,1,0,2,3,2,12,18,0,6,4,0,0,0,"D"
10526424,12.4,"Randolph North","2025-10-05","white","hole_6",13,-1,2,1,39,43,4,5,30,10,0,82,74,1,0,0,0,0,0,1,0,0,0,0,3,1,1,2,3,1,12,18,0,6,4,0,0,0,"GW"
10526424,12.4,"Randolph North","2025-10-05","white","hole_7",15,-1,4,3,39,43,4,5,30,10,0,82,74,0,0,1,0,0,1,0,0,0,0,0,3,1,0,2,3,1,12,18,1,6,4,0,0,0,"4"
10526424,12.4,"Randolph North","2025-10-05","white","hole_8",5,0,3,3,39,43,4,5,30,10,0,82,74,0,0,1,0,0,0,0,1,0,0,0,3,1,0,2,3,1,12,18,0,6,4,0,0,0,"7"
10526424,12.4,"Randolph North","2025-10-05","white","hole_9",17,-1,5,4,39,43,4,5,30,10,0,82,74,0,0,1,0,0,1,0,0,0,0,0,3,1,0,2,3,1,12,18,0,6,4,0,0,0,"D"
10526424,12.4,"Randolph North","2025-10-05","white","hole_10",2,0,5,5,39,43,4,5,30,10,0,82,74,0,0,0,1,0,0,0,0,1,0,1,3,1,0,2,3,2,12,18,1,6,4,0,0,0,"D"
10526424,12.4,"Randolph North","2025-10-05","white","hole_11",14,-1,4,3,39,43,4,5,30,10,0,82,74,0,0,0,1,0,0,0,1,0,0,0,3,1,0,2,3,2,12,18,1,6,4,0,0,0,"7"
10526424,12.4,"Randolph North","2025-10-05","white","hole_12",10,0,6,6,39,43,4,5,30,10,0,82,74,0,0,0,0,1,0,0,0,0,1,0,3,1,0,2,3,2,12,18,0,6,4,0,0,0,"D"
10526424,12.4,"Randolph North","2025-10-05","white","hole_13",16,-1,4,3,39,43,4,5,30,10,0,82,74,1,0,0,0,0,0,1,0,0,0,0,3,1,1,2,3,1,12,18,0,6,4,0,0,0,"D"
10526424,12.4,"Randolph North","2025-10-05","white","hole_14",8,0,5,5,39,43,4,5,30,10,0,82,74,0,0,0,1,0,0,0,0,1,0,0,3,1,0,2,3,2,12,18,0,6,4,0,0,0,"D"
10526424,12.4,"Randolph North","2025-10-05","white","hole_15",6,0,3,3,39,43,4,5,30,10,0,82,74,0,0,1,0,0,0,0,1,0,0,0,3,1,1,2,3,2,12,18,0,6,4,0,0,0,"7"
10526424,12.4,"Randolph North","2025-10-05","white","hole_16",18,-1,6,5,39,43,4,5,30,10,0,82,74,0,0,0,1,0,0,0,1,0,0,0,3,1,1,2,3,3,12,18,0,6,4,0,0,0,"D"
10526424,12.4,"Randolph North","2025-10-05","white","hole_17",12,-1,5,4,39,43,4,5,30,10,0,82,74,0,0,0,1,0,0,0,1,0,0,0,3,1,0,2,3,2,12,18,1,6,4,0,0,0,"D"
10526424,12.4,"Randolph North","2025-10-05","white","hole_18",4,0,5,5,39,43,4,5,30,10,0,82,74,0,0,0,1,0,0,0,0,1,0,0,3,1,0,2,3,2,12,18,1,6,4,0,0,0,"D"
10526424,11.9,"Silverbell","2025-10-19","white","hole_1",5,0,4,4,40,42,NA,NA,NA,NA,NA,82,72,0,0,1,0,0,0,0,1,0,0,NA,NA,NA,NA,NA,NA,NA,NA,NA,NA,NA,NA,NA,NA,NA,"NA"
10526424,11.9,"Silverbell","2025-10-19","white","hole_2",3,0,6,6,40,42,NA,NA,NA,NA,NA,82,72,0,0,0,1,0,0,0,0,1,0,NA,NA,NA,NA,NA,NA,NA,NA,NA,NA,NA,NA,NA,NA,NA,"NA"
10526424,11.9,"Silverbell","2025-10-19","white","hole_3",17,-1,4,3,40,42,NA,NA,NA,NA,NA,82,72,0,0,0,1,0,0,0,1,0,0,NA,NA,NA,NA,NA,NA,NA,NA,NA,NA,NA,NA,NA,NA,NA,"NA"
10526424,11.9,"Silverbell","2025-10-19","white","hole_4",9,-1,6,5,40,42,NA,NA,NA,NA,NA,82,72,0,0,0,0,1,0,0,0,1,0,NA,NA,NA,NA,NA,NA,NA,NA,NA,NA,NA,NA,NA,NA,NA,"NA"
10526424,11.9,"Silverbell","2025-10-19","white","hole_5",13,-1,4,3,40,42,NA,NA,NA,NA,NA,82,72,0,0,1,0,0,1,0,0,0,0,NA,NA,NA,NA,NA,NA,NA,NA,NA,NA,NA,NA,NA,NA,NA,"NA"
10526424,11.9,"Silverbell","2025-10-19","white","hole_6",11,-1,3,2,40,42,NA,NA,NA,NA,NA,82,72,0,0,1,0,0,1,0,0,0,0,NA,NA,NA,NA,NA,NA,NA,NA,NA,NA,NA,NA,NA,NA,NA,"NA"
10526424,11.9,"Silverbell","2025-10-19","white","hole_7",1,0,5,5,40,42,NA,NA,NA,NA,NA,82,72,0,0,1,0,0,0,0,1,0,0,NA,NA,NA,NA,NA,NA,NA,NA,NA,NA,NA,NA,NA,NA,NA,"NA"
10526424,11.9,"Silverbell","2025-10-19","white","hole_8",7,0,5,5,40,42,NA,NA,NA,NA,NA,82,72,0,0,0,1,0,0,0,0,1,0,NA,NA,NA,NA,NA,NA,NA,NA,NA,NA,NA,NA,NA,NA,NA,"NA"
10526424,11.9,"Silverbell","2025-10-19","white","hole_9",15,-1,3,2,40,42,NA,NA,NA,NA,NA,82,72,0,0,1,0,0,1,0,0,0,0,NA,NA,NA,NA,NA,NA,NA,NA,NA,NA,NA,NA,NA,NA,NA,"NA"
10526424,11.9,"Silverbell","2025-10-19","white","hole_10",14,-1,5,4,40,42,NA,NA,NA,NA,NA,82,72,0,0,0,1,0,0,0,1,0,0,NA,NA,NA,NA,NA,NA,NA,NA,NA,NA,NA,NA,NA,NA,NA,"NA"
10526424,11.9,"Silverbell","2025-10-19","white","hole_11",10,-1,4,3,40,42,NA,NA,NA,NA,NA,82,72,0,0,1,0,0,1,0,0,0,0,NA,NA,NA,NA,NA,NA,NA,NA,NA,NA,NA,NA,NA,NA,NA,"NA"
10526424,11.9,"Silverbell","2025-10-19","white","hole_12",18,-1,3,2,40,42,NA,NA,NA,NA,NA,82,72,0,0,1,0,0,1,0,0,0,0,NA,NA,NA,NA,NA,NA,NA,NA,NA,NA,NA,NA,NA,NA,NA,"NA"
10526424,11.9,"Silverbell","2025-10-19","white","hole_13",8,0,5,5,40,42,NA,NA,NA,NA,NA,82,72,0,0,0,1,0,0,0,0,1,0,NA,NA,NA,NA,NA,NA,NA,NA,NA,NA,NA,NA,NA,NA,NA,"NA"
10526424,11.9,"Silverbell","2025-10-19","white","hole_14",4,0,5,5,40,42,NA,NA,NA,NA,NA,82,72,0,0,0,1,0,0,0,0,1,0,NA,NA,NA,NA,NA,NA,NA,NA,NA,NA,NA,NA,NA,NA,NA,"NA"
10526424,11.9,"Silverbell","2025-10-19","white","hole_15",16,-1,4,3,40,42,NA,NA,NA,NA,NA,82,72,0,0,1,0,0,1,0,0,0,0,NA,NA,NA,NA,NA,NA,NA,NA,NA,NA,NA,NA,NA,NA,NA,"NA"
10526424,11.9,"Silverbell","2025-10-19","white","hole_16",12,-1,4,3,40,42,NA,NA,NA,NA,NA,82,72,0,0,0,1,0,0,0,1,0,0,NA,NA,NA,NA,NA,NA,NA,NA,NA,NA,NA,NA,NA,NA,NA,"NA"
10526424,11.9,"Silverbell","2025-10-19","white","hole_17",6,0,6,6,40,42,NA,NA,NA,NA,NA,82,72,0,0,0,0,1,0,0,0,0,1,NA,NA,NA,NA,NA,NA,NA,NA,NA,NA,NA,NA,NA,NA,NA,"NA"
10526424,11.9,"Silverbell","2025-10-19","white","hole_18",2,0,6,6,40,42,NA,NA,NA,NA,NA,82,72,0,0,0,1,0,0,0,0,1,0,NA,NA,NA,NA,NA,NA,NA,NA,NA,NA,NA,NA,NA,NA,NA,"NA"
10526424,10.2,"Randolph North","2026-01-04","combo","hole_1",7,0,5,5,40,42,3,6,31,15,0,82,72,0,0,0,1,0,0,0,0,1,0,0,1,2,0,2,4,2,14,17,0,8,7,0,0,0,"4"
10526424,10.2,"Randolph North","2026-01-04","combo","hole_2",9,-1,4,3,40,42,3,6,31,15,0,82,72,0,0,1,0,0,1,0,0,0,0,1,1,2,1,2,4,2,14,17,0,8,7,0,0,0,"4"
10526424,10.2,"Randolph North","2026-01-04","combo","hole_3",11,-1,5,4,40,42,3,6,31,15,0,82,72,0,0,1,0,0,1,0,0,0,0,0,1,2,0,2,4,1,14,17,1,8,7,0,0,0,"D"
10526424,10.2,"Randolph North","2026-01-04","combo","hole_4",1,0,5,5,40,42,3,6,31,15,0,82,72,0,0,0,1,0,0,0,0,1,0,0,1,2,0,2,4,2,14,17,1,8,7,0,0,0,"D"
10526424,10.2,"Randolph North","2026-01-04","combo","hole_5",3,0,4,4,40,42,3,6,31,15,0,82,72,0,0,1,0,0,0,0,1,0,0,0,1,2,0,2,4,1,14,17,1,8,7,0,0,0,"D"
10526424,10.2,"Randolph North","2026-01-04","combo","hole_6",13,-1,4,3,40,42,3,6,31,15,0,82,72,0,0,0,1,0,0,0,1,0,0,0,1,2,1,2,4,3,14,17,0,8,7,0,0,0,"9"
10526424,10.2,"Randolph North","2026-01-04","combo","hole_7",15,-1,5,4,40,42,3,6,31,15,0,82,72,0,0,0,1,0,0,0,1,0,0,0,1,2,0,2,4,1,14,17,2,8,7,0,0,0,"D"
10526424,10.2,"Randolph North","2026-01-04","combo","hole_8",5,0,3,3,40,42,3,6,31,15,0,82,72,0,0,1,0,0,0,0,1,0,0,0,1,2,0,2,4,1,14,17,1,8,7,0,0,0,"7"
10526424,10.2,"Randolph North","2026-01-04","combo","hole_9",17,-1,5,4,40,42,3,6,31,15,0,82,72,0,0,1,0,0,1,0,0,0,0,0,1,2,0,2,4,1,14,17,2,8,7,0,0,0,"D"
10526424,10.2,"Randolph North","2026-01-04","combo","hole_10",2,0,5,5,40,42,3,6,31,15,0,82,72,0,0,0,1,0,0,0,0,1,0,0,1,2,0,2,4,2,14,17,0,8,7,0,0,0,"D"
10526424,10.2,"Randolph North","2026-01-04","combo","hole_11",14,-1,4,3,40,42,3,6,31,15,0,82,72,0,0,0,1,0,0,0,1,0,0,0,1,2,0,2,4,1,14,17,2,8,7,0,0,0,"7"
10526424,10.2,"Randolph North","2026-01-04","combo","hole_12",10,-1,6,5,40,42,3,6,31,15,0,82,72,0,0,0,0,1,0,0,0,1,0,0,1,2,0,2,4,3,14,17,1,8,7,0,0,0,"D"
10526424,10.2,"Randolph North","2026-01-04","combo","hole_13",16,-1,5,4,40,42,3,6,31,15,0,82,72,0,0,1,0,0,1,0,0,0,0,1,1,2,1,2,4,3,14,17,0,8,7,0,0,0,"D"
10526424,10.2,"Randolph North","2026-01-04","combo","hole_14",8,0,4,4,40,42,3,6,31,15,0,82,72,0,0,1,0,0,0,0,1,0,0,0,1,2,0,2,4,1,14,17,1,8,7,0,0,0,"D"
10526424,10.2,"Randolph North","2026-01-04","combo","hole_15",6,0,3,3,40,42,3,6,31,15,0,82,72,0,0,1,0,0,0,0,1,0,0,0,1,2,1,2,4,2,14,17,0,8,7,0,0,0,"7"
10526424,10.2,"Randolph North","2026-01-04","combo","hole_16",18,-1,5,4,40,42,3,6,31,15,0,82,72,0,0,1,0,0,1,0,0,0,0,0,1,2,1,2,4,2,14,17,1,8,7,0,0,0,"D"
10526424,10.2,"Randolph North","2026-01-04","combo","hole_17",12,-1,6,5,40,42,3,6,31,15,0,82,72,0,0,0,0,1,0,0,0,1,0,0,1,2,0,2,4,1,14,17,2,8,7,0,0,0,"D"
10526424,10.2,"Randolph North","2026-01-04","combo","hole_18",4,0,4,4,40,42,3,6,31,15,0,82,72,0,0,1,0,0,0,0,1,0,0,1,1,2,1,2,4,2,14,17,0,8,7,0,0,0,"4"
10526424,10.2,"Dell Urich","2026-01-11","combo","hole_1",9,-1,5,4,43,41,2,6,30,14,0,84,74,0,0,0,1,0,0,0,1,0,0,0,2,0,0,2,4,1,12,18,2,12,2,0,0,0,"4"
10526424,10.2,"Dell Urich","2026-01-11","combo","hole_2",5,0,4,4,43,41,2,6,30,14,0,84,74,0,0,0,1,0,0,0,0,1,0,0,2,0,0,2,4,1,12,18,2,12,2,0,0,0,"GW"
10526424,10.2,"Dell Urich","2026-01-11","combo","hole_3",13,-1,4,3,43,41,2,6,30,14,0,84,74,1,0,0,0,0,0,1,0,0,0,1,2,0,1,2,4,1,12,18,1,12,2,0,0,0,"D"
10526424,10.2,"Dell Urich","2026-01-11","combo","hole_4",17,-1,6,5,43,41,2,6,30,14,0,84,74,0,0,0,0,1,0,0,0,1,0,0,2,0,0,2,4,1,12,18,0,12,2,0,0,0,"4"
10526424,10.2,"Dell Urich","2026-01-11","combo","hole_5",11,-1,4,3,43,41,2,6,30,14,0,84,74,0,0,0,1,0,0,0,1,0,0,0,2,0,0,2,4,1,12,18,2,12,2,0,0,0,"9"
10526424,10.2,"Dell Urich","2026-01-11","combo","hole_6",15,-1,6,5,43,41,2,6,30,14,0,84,74,0,0,0,1,0,0,0,1,0,0,1,2,0,1,2,4,3,12,18,0,12,2,0,0,0,"D"
10526424,10.2,"Dell Urich","2026-01-11","combo","hole_7",1,0,5,5,43,41,2,6,30,14,0,84,74,0,0,0,1,0,0,0,0,1,0,0,2,0,0,2,4,1,12,18,2,12,2,0,0,0,"D"
10526424,10.2,"Dell Urich","2026-01-11","combo","hole_8",3,0,5,5,43,41,2,6,30,14,0,84,74,0,0,0,1,0,0,0,0,1,0,0,2,0,0,2,4,2,12,18,1,12,2,0,0,0,"D"
10526424,10.2,"Dell Urich","2026-01-11","combo","hole_9",7,0,4,4,43,41,2,6,30,14,0,84,74,0,0,0,1,0,0,0,0,1,0,0,2,0,0,2,4,1,12,18,2,12,2,0,0,0,"8"
10526424,10.2,"Dell Urich","2026-01-11","combo","hole_10",10,-1,4,3,43,41,2,6,30,14,0,84,74,0,0,1,0,0,1,0,0,0,0,0,2,0,1,2,4,2,12,18,0,12,2,0,0,0,"D"
10526424,10.2,"Dell Urich","2026-01-11","combo","hole_11",16,-1,3,2,43,41,2,6,30,14,0,84,74,0,0,1,0,0,1,0,0,0,0,0,2,0,1,2,4,2,12,18,0,12,2,0,0,0,"9"
10526424,10.2,"Dell Urich","2026-01-11","combo","hole_12",6,0,5,5,43,41,2,6,30,14,0,84,74,0,0,0,1,0,0,0,0,1,0,0,2,0,0,2,4,2,12,18,0,12,2,0,0,0,"D"
10526424,10.2,"Dell Urich","2026-01-11","combo","hole_13",18,-1,4,3,43,41,2,6,30,14,0,84,74,1,0,0,0,0,0,1,0,0,0,0,2,0,1,2,4,2,12,18,0,12,2,0,0,0,"D"
10526424,10.2,"Dell Urich","2026-01-11","combo","hole_14",4,0,5,5,43,41,2,6,30,14,0,84,74,0,0,0,1,0,0,0,0,1,0,0,2,0,0,2,4,1,12,18,1,12,2,0,0,0,"D"
10526424,10.2,"Dell Urich","2026-01-11","combo","hole_15",14,-1,6,5,43,41,2,6,30,14,0,84,74,0,0,0,0,1,0,0,0,1,0,0,2,0,0,2,4,3,12,18,0,12,2,0,0,0,"D"
10526424,10.2,"Dell Urich","2026-01-11","combo","hole_16",8,0,5,5,43,41,2,6,30,14,0,84,74,0,0,0,1,0,0,0,0,1,0,0,2,0,0,2,4,2,12,18,1,12,2,0,0,0,"4"
10526424,10.2,"Dell Urich","2026-01-11","combo","hole_17",12,-1,3,2,43,41,2,6,30,14,0,84,74,0,0,1,0,0,1,0,0,0,0,0,2,0,1,2,4,2,12,18,0,12,2,0,0,0,"9"
10526424,10.2,"Dell Urich","2026-01-11","combo","hole_18",2,0,6,6,43,41,2,6,30,14,0,84,74,0,0,0,0,1,0,0,0,0,1,0,2,0,0,2,4,2,12,18,0,12,2,0,0,0,"D"
10526424,10.2,"Silverbell","2026-01-18","white","hole_1",5,0,4,4,42,45,5,6,35,12,0,87,76,0,0,1,0,0,0,0,1,0,0,0,2,3,0,4,2,1,17,18,1,4,8,0,0,0,"4"
10526424,10.2,"Silverbell","2026-01-18","white","hole_2",3,0,6,6,42,45,5,6,35,12,0,87,76,0,0,0,1,0,0,0,0,1,0,0,2,3,0,4,2,2,17,18,0,4,8,0,0,0,"D"
10526424,10.2,"Silverbell","2026-01-18","white","hole_3",17,-1,4,3,42,45,5,6,35,12,0,87,76,0,0,0,1,0,0,0,1,0,0,0,2,3,0,4,2,1,17,18,1,4,8,0,0,0,"GW"
10526424,10.2,"Silverbell","2026-01-18","white","hole_4",9,-1,4,3,42,45,5,6,35,12,0,87,76,0,0,1,0,0,1,0,0,0,0,1,2,3,1,4,2,2,17,18,0,4,8,0,0,0,"D"
10526424,10.2,"Silverbell","2026-01-18","white","hole_5",13,-1,6,5,42,45,5,6,35,12,0,87,76,0,0,0,0,1,0,0,0,1,0,1,2,3,0,4,2,2,17,18,2,4,8,0,0,0,"D"
10526424,10.2,"Silverbell","2026-01-18","white","hole_6",11,-1,4,3,42,45,5,6,35,12,0,87,76,0,0,0,1,0,0,0,1,0,0,0,2,3,1,4,2,3,17,18,0,4,8,0,0,0,"7"
10526424,10.2,"Silverbell","2026-01-18","white","hole_7",1,0,5,5,42,45,5,6,35,12,0,87,76,0,0,1,0,0,0,0,1,0,0,0,2,3,1,4,2,2,17,18,0,4,8,0,0,0,"D"
10526424,10.2,"Silverbell","2026-01-18","white","hole_8",7,0,6,6,42,45,5,6,35,12,0,87,76,0,0,0,0,1,0,0,0,0,1,0,2,3,0,4,2,2,17,18,0,4,8,0,0,0,"4"
10526424,10.2,"Silverbell","2026-01-18","white","hole_9",15,-1,3,2,42,45,5,6,35,12,0,87,76,0,0,1,0,0,1,0,0,0,0,0,2,3,1,4,2,2,17,18,0,4,8,0,0,0,"8"
10526424,10.2,"Silverbell","2026-01-18","white","hole_10",14,-1,5,4,42,45,5,6,35,12,0,87,76,0,0,0,1,0,0,0,1,0,0,1,2,3,1,4,2,3,17,18,0,4,8,0,0,0,"D"
10526424,10.2,"Silverbell","2026-01-18","white","hole_11",10,-1,6,5,42,45,5,6,35,12,0,87,76,0,0,0,0,1,0,0,0,1,0,0,2,3,0,4,2,2,17,18,2,4,8,0,0,0,"4"
10526424,10.2,"Silverbell","2026-01-18","white","hole_12",18,-1,6,5,42,45,5,6,35,12,0,87,76,0,0,0,0,1,0,0,0,0,1,0,2,3,0,4,2,3,17,18,2,4,8,0,0,0,"9"
10526424,10.2,"Silverbell","2026-01-18","white","hole_13",8,-1,5,4,42,45,5,6,35,12,0,87,76,0,0,0,1,0,0,0,1,0,0,0,2,3,0,4,2,2,17,18,1,4,8,0,0,0,"D"
10526424,10.2,"Silverbell","2026-01-18","white","hole_14",4,0,5,5,42,45,5,6,35,12,0,87,76,0,0,0,1,0,0,0,0,1,0,1,2,3,1,4,2,3,17,18,0,4,8,0,0,0,"D"
10526424,10.2,"Silverbell","2026-01-18","white","hole_15",16,-1,4,3,42,45,5,6,35,12,0,87,76,0,0,1,0,0,1,0,0,0,0,0,2,3,0,4,2,1,17,18,1,4,8,0,0,0,"D"
10526424,10.2,"Silverbell","2026-01-18","white","hole_16",12,-1,4,3,42,45,5,6,35,12,0,87,76,0,0,0,1,0,0,0,1,0,0,0,2,3,0,4,2,2,17,18,1,4,8,0,0,0,"5"
10526424,10.2,"Silverbell","2026-01-18","white","hole_17",6,0,5,5,42,45,5,6,35,12,0,87,76,0,0,0,1,0,0,0,0,1,0,0,2,3,0,4,2,1,17,18,0,4,8,0,0,0,"4"
10526424,10.2,"Silverbell","2026-01-18","white","hole_18",2,0,5,5,42,45,5,6,35,12,0,87,76,0,0,1,0,0,0,0,1,0,0,1,2,3,0,4,2,1,17,18,1,4,8,0,0,0,"D"
10526424,10.2,"Randolph North","2026-01-25","combo","hole_1",7,0,4,4,43,42,4,6,36,15,0,85,75,0,0,1,0,0,0,0,1,0,0,0,3,1,0,2,4,1,18,18,1,8,7,0,0,0,"D"
10526424,10.2,"Randolph North","2026-01-25","combo","hole_2",9,-1,6,5,43,42,4,6,36,15,0,85,75,0,0,0,0,1,0,0,0,1,0,1,3,1,0,2,4,3,18,18,1,8,7,0,0,0,"D"
10526424,10.2,"Randolph North","2026-01-25","combo","hole_3",11,-1,6,5,43,42,4,6,36,15,0,85,75,0,0,0,1,0,0,0,1,0,0,0,3,1,0,2,4,3,18,18,0,8,7,0,0,0,"D"
10526424,10.2,"Randolph North","2026-01-25","combo","hole_4",1,0,4,4,43,42,4,6,36,15,0,85,75,0,0,1,0,0,0,0,1,0,0,0,3,1,1,2,4,2,18,18,0,8,7,0,0,0,"D"
10526424,10.2,"Randolph North","2026-01-25","combo","hole_5",3,0,5,5,43,42,4,6,36,15,0,85,75,0,0,0,1,0,0,0,0,1,0,1,3,1,0,2,4,2,18,18,1,8,7,0,0,0,"D"
10526424,10.2,"Randolph North","2026-01-25","combo","hole_6",13,-1,4,3,43,42,4,6,36,15,0,85,75,0,0,0,1,0,0,0,1,0,0,0,3,1,1,2,4,3,18,18,0,8,7,0,0,0,"PW"
10526424,10.2,"Randolph North","2026-01-25","combo","hole_7",15,-1,5,4,43,42,4,6,36,15,0,85,75,0,0,0,1,0,0,0,1,0,0,0,3,1,0,2,4,2,18,18,1,8,7,0,0,0,"D"
10526424,10.2,"Randolph North","2026-01-25","combo","hole_8",5,0,3,3,43,42,4,6,36,15,0,85,75,0,0,1,0,0,0,0,1,0,0,0,3,1,0,2,4,1,18,18,1,8,7,0,0,0,"7"
10526424,10.2,"Randolph North","2026-01-25","combo","hole_9",17,-1,6,5,43,42,4,6,36,15,0,85,75,0,0,0,1,0,0,0,1,0,0,1,3,1,0,2,4,1,18,18,3,8,7,0,0,0,"D"
10526424,10.2,"Randolph North","2026-01-25","combo","hole_10",2,0,5,5,43,42,4,6,36,15,0,85,75,0,0,0,1,0,0,0,0,1,0,1,3,1,0,2,4,2,18,18,1,8,7,0,0,0,"D"
10526424,10.2,"Randolph North","2026-01-25","combo","hole_11",14,-1,4,3,43,42,4,6,36,15,0,85,75,0,0,0,1,0,0,0,1,0,0,0,3,1,0,2,4,2,18,18,1,8,7,0,0,0,"6"
10526424,10.2,"Randolph North","2026-01-25","combo","hole_12",10,-1,5,4,43,42,4,6,36,15,0,85,75,0,0,0,1,0,0,0,1,0,0,0,3,1,0,2,4,2,18,18,2,8,7,0,0,0,"D"
10526424,10.2,"Randolph North","2026-01-25","combo","hole_13",16,-1,5,4,43,42,4,6,36,15,0,85,75,0,0,1,0,0,1,0,0,0,0,0,3,1,1,2,4,2,18,18,1,8,7,0,0,0,"D"
10526424,10.2,"Randolph North","2026-01-25","combo","hole_14",8,0,5,5,43,42,4,6,36,15,0,85,75,0,0,0,1,0,0,0,0,1,0,0,3,1,0,2,4,2,18,18,1,8,7,0,0,0,"D"
10526424,10.2,"Randolph North","2026-01-25","combo","hole_15",6,0,3,3,43,42,4,6,36,15,0,85,75,0,0,1,0,0,0,0,1,0,0,0,3,1,1,2,4,2,18,18,0,8,7,0,0,0,"8"
10526424,10.2,"Randolph North","2026-01-25","combo","hole_16",18,-1,5,4,43,42,4,6,36,15,0,85,75,0,0,1,0,0,1,0,0,0,0,0,3,1,1,2,4,2,18,18,0,8,7,0,0,0,"D"
10526424,10.2,"Randolph North","2026-01-25","combo","hole_17",12,-1,6,5,43,42,4,6,36,15,0,85,75,0,0,0,0,1,0,0,0,1,0,0,3,1,0,2,4,2,18,18,1,8,7,0,0,0,"D"
10526424,10.2,"Randolph North","2026-01-25","combo","hole_18",4,0,4,4,43,42,4,6,36,15,0,85,75,0,0,1,0,0,0,0,1,0,0,0,3,1,1,2,4,2,18,18,0,8,7,0,0,0,"D"
10526424,10.2,"Randolph North","2026-02-08","combo","hole_1",7,0,5,5,42,41,2,7,35,11,0,83,73,0,0,0,1,0,0,0,0,1,0,0,0,2,0,3,4,2,18,17,1,5,6,0,0,0,"4"
10526424,10.2,"Randolph North","2026-02-08","combo","hole_2",9,-1,5,4,42,41,2,7,35,11,0,83,73,0,0,0,1,0,0,0,1,0,0,0,0,2,0,3,4,2,18,17,1,5,6,0,0,0,"D"
10526424,10.2,"Randolph North","2026-02-08","combo","hole_3",11,-1,5,4,42,41,2,7,35,11,0,83,73,0,0,1,0,0,1,0,0,0,0,0,0,2,0,3,4,1,18,17,0,5,6,0,0,0,"D"
10526424,10.2,"Randolph North","2026-02-08","combo","hole_4",1,0,5,5,42,41,2,7,35,11,0,83,73,0,0,0,1,0,0,0,0,1,0,0,0,2,0,3,4,2,18,17,1,5,6,0,0,0,"D"
10526424,10.2,"Randolph North","2026-02-08","combo","hole_5",3,0,4,4,42,41,2,7,35,11,0,83,73,0,0,1,0,0,0,0,1,0,0,0,0,2,1,3,4,2,18,17,0,5,6,0,0,0,"D"
10526424,10.2,"Randolph North","2026-02-08","combo","hole_6",13,-1,4,3,42,41,2,7,35,11,0,83,73,0,0,0,1,0,0,0,1,0,0,0,0,2,1,3,4,3,18,17,0,5,6,0,0,0,"PW"
10526424,10.2,"Randolph North","2026-02-08","combo","hole_7",15,-1,5,4,42,41,2,7,35,11,0,83,73,0,0,0,1,0,0,0,1,0,0,0,0,2,0,3,4,2,18,17,1,5,6,0,0,0,"3W"
10526424,10.2,"Randolph North","2026-02-08","combo","hole_8",5,0,4,4,42,41,2,7,35,11,0,83,73,0,0,0,1,0,0,0,0,1,0,0,0,2,0,3,4,2,18,17,0,5,6,0,0,0,"7"
10526424,10.2,"Randolph North","2026-02-08","combo","hole_9",17,-1,5,4,42,41,2,7,35,11,0,83,73,0,0,1,0,0,1,0,0,0,0,0,0,2,1,3,4,2,18,17,1,5,6,0,0,0,"D"
10526424,10.2,"Randolph North","2026-02-08","combo","hole_10",2,0,4,4,42,41,2,7,35,11,0,83,73,0,0,1,0,0,0,0,1,0,0,0,0,2,0,3,4,1,18,17,1,5,6,0,0,0,"D"
10526424,10.2,"Randolph North","2026-02-08","combo","hole_11",14,-1,3,2,42,41,2,7,35,11,0,83,73,0,0,1,0,0,1,0,0,0,0,0,0,2,1,3,4,2,18,17,0,5,6,0,0,0,"7"
10526424,10.2,"Randolph North","2026-02-08","combo","hole_12",10,-1,6,5,42,41,2,7,35,11,0,83,73,0,0,0,0,1,0,0,0,1,0,0,0,2,0,3,4,2,18,17,1,5,6,0,0,0,"D"
10526424,10.2,"Randolph North","2026-02-08","combo","hole_13",16,-1,6,5,42,41,2,7,35,11,0,83,73,0,0,0,1,0,0,0,1,0,0,0,0,2,0,3,4,2,18,17,1,5,6,0,0,0,"D"
10526424,10.2,"Randolph North","2026-02-08","combo","hole_14",8,0,5,5,42,41,2,7,35,11,0,83,73,0,0,0,1,0,0,0,0,1,0,1,0,2,0,3,4,2,18,17,1,5,6,0,0,0,"D"
10526424,10.2,"Randolph North","2026-02-08","combo","hole_15",6,0,3,3,42,41,2,7,35,11,0,83,73,0,0,1,0,0,0,0,1,0,0,0,0,2,1,3,4,2,18,17,0,5,6,0,0,0,"7"
10526424,10.2,"Randolph North","2026-02-08","combo","hole_16",18,-1,4,3,42,41,2,7,35,11,0,83,73,1,0,0,0,0,0,1,0,0,0,1,0,2,1,3,4,2,18,17,0,5,6,0,0,0,"D"
10526424,10.2,"Randolph North","2026-02-08","combo","hole_17",12,-1,6,5,42,41,2,7,35,11,0,83,73,0,0,0,0,1,0,0,0,1,0,0,0,2,0,3,4,2,18,17,2,5,6,0,0,0,"D"
10526424,10.2,"Randolph North","2026-02-08","combo","hole_18",4,0,4,4,42,41,2,7,35,11,0,83,73,0,0,1,0,0,0,0,1,0,0,0,0,2,1,3,4,2,18,17,0,5,6,0,0,0,"D"
10526424,10.1,"Dell Urich","2026-02-22","combo","hole_1",9,-1,6,5,45,47,7,3,34,18,0,92,82,0,0,0,0,1,0,0,0,1,0,1,3,4,0,1,2,1,16,18,3,11,7,0,0,0,"4"
10526424,10.1,"Dell Urich","2026-02-22","combo","hole_2",5,0,3,3,45,47,7,3,34,18,0,92,82,0,0,1,0,0,0,0,1,0,0,0,3,4,1,1,2,2,16,18,0,11,7,0,0,0,"9"
10526424,10.1,"Dell Urich","2026-02-22","combo","hole_3",13,-1,5,4,45,47,7,3,34,18,0,92,82,0,0,1,0,0,1,0,0,0,0,0,3,4,0,1,2,1,16,18,1,11,7,0,0,0,"D"
10526424,10.1,"Dell Urich","2026-02-22","combo","hole_4",17,-1,5,4,45,47,7,3,34,18,0,92,82,0,0,0,1,0,0,0,1,0,0,0,3,4,0,1,2,2,16,18,0,11,7,0,0,0,"4"
10526424,10.1,"Dell Urich","2026-02-22","combo","hole_5",11,-1,4,3,45,47,7,3,34,18,0,92,82,0,0,0,1,0,0,0,1,0,0,0,3,4,0,1,2,2,16,18,1,11,7,0,0,0,"9"
10526424,10.1,"Dell Urich","2026-02-22","combo","hole_6",15,-1,5,4,45,47,7,3,34,18,0,92,82,0,0,1,0,0,1,0,0,0,0,1,3,4,0,1,2,1,16,18,2,11,7,0,0,0,"D"
10526424,10.1,"Dell Urich","2026-02-22","combo","hole_7",1,0,7,7,45,47,7,3,34,18,0,92,82,0,0,0,0,1,0,0,0,0,1,0,3,4,0,1,2,2,16,18,2,11,7,0,0,0,"D"
10526424,10.1,"Dell Urich","2026-02-22","combo","hole_8",3,0,5,5,45,47,7,3,34,18,0,92,82,0,0,0,1,0,0,0,0,1,0,1,3,4,0,1,2,2,16,18,1,11,7,0,0,0,"D"
10526424,10.1,"Dell Urich","2026-02-22","combo","hole_9",7,0,5,5,45,47,7,3,34,18,0,92,82,0,0,0,0,1,0,0,0,0,1,0,3,4,0,1,2,3,16,18,1,11,7,0,0,0,"8"
10526424,10.1,"Dell Urich","2026-02-22","combo","hole_10",10,-1,5,4,45,47,7,3,34,18,0,92,82,0,0,0,1,0,0,0,1,0,0,0,3,4,0,1,2,2,16,18,1,11,7,0,0,0,"D"
10526424,10.1,"Dell Urich","2026-02-22","combo","hole_11",16,-1,4,3,45,47,7,3,34,18,0,92,82,0,0,0,1,0,0,0,1,0,0,0,3,4,0,1,2,2,16,18,1,11,7,0,0,0,"8"
10526424,10.1,"Dell Urich","2026-02-22","combo","hole_12",6,0,4,4,45,47,7,3,34,18,0,92,82,0,0,1,0,0,0,0,1,0,0,1,3,4,1,1,2,2,16,18,0,11,7,0,0,0,"D"
10526424,10.1,"Dell Urich","2026-02-22","combo","hole_13",18,-1,8,7,45,47,7,3,34,18,0,92,82,0,0,0,0,1,0,0,0,0,1,1,3,4,0,1,2,2,16,18,0,11,7,0,0,0,"D"
10526424,10.1,"Dell Urich","2026-02-22","combo","hole_14",4,0,7,7,45,47,7,3,34,18,0,92,82,0,0,0,0,1,0,0,0,0,1,1,3,4,0,1,2,2,16,18,3,11,7,0,0,0,"D"
10526424,10.1,"Dell Urich","2026-02-22","combo","hole_15",14,-1,5,4,45,47,7,3,34,18,0,92,82,0,0,0,1,0,0,0,1,0,0,1,3,4,0,1,2,2,16,18,1,11,7,0,0,0,"D"
10526424,10.1,"Dell Urich","2026-02-22","combo","hole_16",8,0,4,4,45,47,7,3,34,18,0,92,82,0,0,1,0,0,0,0,1,0,0,0,3,4,1,1,2,2,16,18,0,11,7,0,0,0,"4"
10526424,10.1,"Dell Urich","2026-02-22","combo","hole_17",12,-1,4,3,45,47,7,3,34,18,0,92,82,0,0,0,1,0,0,0,1,0,0,0,3,4,0,1,2,2,16,18,0,11,7,0,0,0,"9"
10526424,10.1,"Dell Urich","2026-02-22","combo","hole_18",2,0,6,6,45,47,7,3,34,18,0,92,82,0,0,0,0,1,0,0,0,0,1,0,3,4,0,1,2,2,16,18,1,11,7,0,0,0,"D"
10526424,10,"Randolph North","2026-03-08","blue","hole_1",7,0,5,5,41,43,2,7,33,12,1,84,75,0,0,0,1,0,0,0,0,1,0,0,0,2,0,3,4,2,15,18,1,7,5,0,1,0,"4"
10526424,10,"Randolph North","2026-03-08","blue","hole_2",9,0,5,5,41,43,2,7,33,12,1,84,75,0,0,0,1,0,0,0,0,1,0,0,0,2,0,3,4,1,15,18,1,7,5,0,1,0,"D"
10526424,10,"Randolph North","2026-03-08","blue","hole_3",11,-1,5,4,41,43,2,7,33,12,1,84,75,0,0,1,0,0,1,0,0,0,0,0,0,2,1,3,4,2,15,18,0,7,5,0,1,0,"D"
10526424,10,"Randolph North","2026-03-08","blue","hole_4",1,0,6,6,41,43,2,7,33,12,1,84,75,0,0,0,0,1,0,0,0,0,1,0,0,2,0,3,4,2,15,18,1,7,5,1,1,0,"D"
10526424,10,"Randolph North","2026-03-08","blue","hole_5",3,0,5,5,41,43,2,7,33,12,1,84,75,0,0,0,1,0,0,0,0,1,0,0,0,2,0,3,4,2,15,18,1,7,5,0,1,0,"D"
10526424,10,"Randolph North","2026-03-08","blue","hole_6",13,-1,3,2,41,43,2,7,33,12,1,84,75,0,0,1,0,0,1,0,0,0,0,0,0,2,1,3,4,2,15,18,0,7,5,0,1,0,"PW"
10526424,10,"Randolph North","2026-03-08","blue","hole_7",15,-1,4,3,41,43,2,7,33,12,1,84,75,0,0,1,0,0,1,0,0,0,0,0,0,2,0,3,4,1,15,18,1,7,5,0,1,0,"4"
10526424,10,"Randolph North","2026-03-08","blue","hole_8",5,0,3,3,41,43,2,7,33,12,1,84,75,0,0,1,0,0,0,0,1,0,0,0,0,2,0,3,4,1,15,18,1,7,5,0,1,0,"5"
10526424,10,"Randolph North","2026-03-08","blue","hole_9",17,-1,5,4,41,43,2,7,33,12,1,84,75,0,0,1,0,0,1,0,0,0,0,0,0,2,1,3,4,2,15,18,1,7,5,0,1,0,"D"
10526424,10,"Randolph North","2026-03-08","blue","hole_10",2,0,6,6,41,43,2,7,33,12,1,84,75,0,0,0,0,1,0,0,0,0,1,0,0,2,0,3,4,2,15,18,1,7,5,0,1,0,"D"
10526424,10,"Randolph North","2026-03-08","blue","hole_11",14,-1,3,2,41,43,2,7,33,12,1,84,75,0,0,1,0,0,1,0,0,0,0,0,0,2,1,3,4,2,15,18,0,7,5,0,1,0,"6"
10526424,10,"Randolph North","2026-03-08","blue","hole_12",10,-1,5,4,41,43,2,7,33,12,1,84,75,0,0,0,1,0,0,0,1,0,0,0,0,2,0,3,4,2,15,18,1,7,5,0,1,0,"D"
10526424,10,"Randolph North","2026-03-08","blue","hole_13",16,-1,5,4,41,43,2,7,33,12,1,84,75,0,0,1,0,0,1,0,0,0,0,1,0,2,0,3,4,1,15,18,1,7,5,0,1,0,"D"
10526424,10,"Randolph North","2026-03-08","blue","hole_14",8,0,5,5,41,43,2,7,33,12,1,84,75,0,0,0,1,0,0,0,0,1,0,0,0,2,1,3,4,3,15,18,0,7,5,0,1,0,"D"
10526424,10,"Randolph North","2026-03-08","blue","hole_15",6,0,4,4,41,43,2,7,33,12,1,84,75,0,0,0,1,0,0,0,0,1,0,0,0,2,0,3,4,2,15,18,1,7,5,0,1,0,"4"
10526424,10,"Randolph North","2026-03-08","blue","hole_16",18,-1,5,4,41,43,2,7,33,12,1,84,75,0,0,1,0,0,1,0,0,0,0,0,0,2,1,3,4,2,15,18,1,7,5,0,1,0,"D"
10526424,10,"Randolph North","2026-03-08","blue","hole_17",12,-1,4,3,41,43,2,7,33,12,1,84,75,0,0,1,0,0,1,0,0,0,0,1,0,2,1,3,4,2,15,18,0,7,5,0,1,0,"D"
10526424,10,"Randolph North","2026-03-08","blue","hole_18",4,0,6,6,41,43,2,7,33,12,1,84,75,0,0,0,0,1,0,0,0,0,1,0,0,2,0,3,4,2,15,18,0,7,5,0,1,0,"D"
10526424,10,"Dell Urich","2026-03-29","blue","hole_1",9,0,6,6,45,37,5,7,31,15,1,82,74,0,0,0,0,1,0,0,0,0,1,1,4,1,0,3,4,2,17,14,1,9,6,1,1,0,"4"
10526424,10,"Dell Urich","2026-03-29","blue","hole_2",5,0,3,3,45,37,5,7,31,15,1,82,74,0,0,1,0,0,0,0,1,0,0,0,4,1,1,3,4,2,17,14,0,9,6,0,1,0,"5"
10526424,10,"Dell Urich","2026-03-29","blue","hole_3",13,-1,5,4,45,37,5,7,31,15,1,82,74,0,0,1,0,0,1,0,0,0,0,1,4,1,1,3,4,2,17,14,0,9,6,0,1,0,"D"
10526424,10,"Dell Urich","2026-03-29","blue","hole_4",17,-1,4,3,45,37,5,7,31,15,1,82,74,0,0,1,0,0,1,0,0,0,0,1,4,1,1,3,4,2,17,14,0,9,6,0,1,0,"4"
10526424,10,"Dell Urich","2026-03-29","blue","hole_5",11,-1,5,4,45,37,5,7,31,15,1,82,74,0,0,0,0,1,0,0,0,1,0,0,4,1,0,3,4,2,17,14,2,9,6,0,1,0,"PW"
10526424,10,"Dell Urich","2026-03-29","blue","hole_6",15,-1,6,5,45,37,5,7,31,15,1,82,74,0,0,0,1,0,0,0,1,0,0,0,4,1,0,3,4,2,17,14,2,9,6,0,1,0,"D"
10526424,10,"Dell Urich","2026-03-29","blue","hole_7",1,0,5,5,45,37,5,7,31,15,1,82,74,0,0,0,1,0,0,0,0,1,0,1,4,1,0,3,4,1,17,14,2,9,6,0,1,0,"D"
10526424,10,"Dell Urich","2026-03-29","blue","hole_8",3,0,7,7,45,37,5,7,31,15,1,82,74,0,0,0,0,1,0,0,0,0,1,0,4,1,0,3,4,2,17,14,1,9,6,0,1,0,"D"
10526424,10,"Dell Urich","2026-03-29","blue","hole_9",7,0,4,4,45,37,5,7,31,15,1,82,74,0,0,0,1,0,0,0,0,1,0,0,4,1,0,3,4,2,17,14,1,9,6,0,1,0,"6"
10526424,10,"Dell Urich","2026-03-29","blue","hole_10",10,0,4,4,45,37,5,7,31,15,1,82,74,0,0,1,0,0,0,0,1,0,0,0,4,1,1,3,4,2,17,14,0,9,6,0,1,0,"D"
10526424,10,"Dell Urich","2026-03-29","blue","hole_11",16,-1,3,2,45,37,5,7,31,15,1,82,74,0,0,1,0,0,1,0,0,0,0,0,4,1,0,3,4,1,17,14,1,9,6,0,1,0,"7"
10526424,10,"Dell Urich","2026-03-29","blue","hole_12",6,0,4,4,45,37,5,7,31,15,1,82,74,0,0,1,0,0,0,0,1,0,0,1,4,1,1,3,4,2,17,14,0,9,6,0,1,0,"D"
10526424,10,"Dell Urich","2026-03-29","blue","hole_13",18,-1,4,3,45,37,5,7,31,15,1,82,74,1,0,0,0,0,0,1,0,0,0,0,4,1,1,3,4,1,17,14,1,9,6,0,1,0,"D"
10526424,10,"Dell Urich","2026-03-29","blue","hole_14",4,0,6,6,45,37,5,7,31,15,1,82,74,0,0,0,0,1,0,0,0,0,1,0,4,1,0,3,4,2,17,14,2,9,6,0,1,0,"D"
10526424,10,"Dell Urich","2026-03-29","blue","hole_15",14,-1,3,2,45,37,5,7,31,15,1,82,74,1,0,0,0,0,0,1,0,0,0,0,4,1,1,3,4,1,17,14,0,9,6,0,1,0,"D"
10526424,10,"Dell Urich","2026-03-29","blue","hole_16",8,0,5,5,45,37,5,7,31,15,1,82,74,0,0,0,1,0,0,0,0,1,0,0,4,1,0,3,4,2,17,14,1,9,6,0,1,0,"4"
10526424,10,"Dell Urich","2026-03-29","blue","hole_17",12,-1,3,2,45,37,5,7,31,15,1,82,74,0,0,1,0,0,1,0,0,0,0,0,4,1,0,3,4,1,17,14,1,9,6,0,1,0,"PW"
10526424,10,"Dell Urich","2026-03-29","blue","hole_18",2,0,5,5,45,37,5,7,31,15,1,82,74,0,0,0,1,0,0,0,0,1,0,0,4,1,0,3,4,2,17,14,0,9,6,0,1,0,"D"
10526424,11,"Randolph North","2026-04-05","blue","hole_1",7,0,4,4,45,43,6,3,31,21,2,88,80,0,0,1,0,0,0,0,1,0,0,0,3,3,0,1,2,1,15,16,1,14,7,0,0,2,"4"
10526424,11,"Randolph North","2026-04-05","blue","hole_2",9,0,6,6,45,43,6,3,31,21,2,88,80,0,0,0,0,1,0,0,0,0,1,0,3,3,0,1,2,2,15,16,2,14,7,0,0,2,"D"
10526424,11,"Randolph North","2026-04-05","blue","hole_3",11,-1,5,4,45,43,6,3,31,21,2,88,80,0,0,1,0,0,1,0,0,0,0,1,3,3,1,1,2,2,15,16,1,14,7,0,0,2,"D"
10526424,11,"Randolph North","2026-04-05","blue","hole_4",1,0,5,5,45,43,6,3,31,21,2,88,80,0,0,0,1,0,0,0,0,1,0,1,3,3,0,1,2,1,15,16,2,14,7,0,0,2,"D"
10526424,11,"Randolph North","2026-04-05","blue","hole_5",3,0,5,5,45,43,6,3,31,21,2,88,80,0,0,0,1,0,0,0,0,1,0,0,3,3,0,1,2,2,15,16,1,14,7,0,0,2,"D"
10526424,11,"Randolph North","2026-04-05","blue","hole_6",13,-1,4,3,45,43,6,3,31,21,2,88,80,0,0,0,1,0,0,0,1,0,0,0,3,3,0,1,2,2,15,16,1,14,7,0,0,2,"9"
10526424,11,"Randolph North","2026-04-05","blue","hole_7",15,-1,6,5,45,43,6,3,31,21,2,88,80,0,0,0,0,1,0,0,0,1,0,1,3,3,0,1,2,2,15,16,2,14,7,0,0,2,"D"
10526424,11,"Randolph North","2026-04-05","blue","hole_8",5,0,4,4,45,43,6,3,31,21,2,88,80,0,0,0,1,0,0,0,0,1,0,0,3,3,0,1,2,2,15,16,1,14,7,0,0,2,"5"
10526424,11,"Randolph North","2026-04-05","blue","hole_9",17,-1,6,5,45,43,6,3,31,21,2,88,80,0,0,0,1,0,0,0,1,0,0,0,3,3,0,1,2,1,15,16,3,14,7,0,0,2,"D"
10526424,11,"Randolph North","2026-04-05","blue","hole_10",2,0,5,5,45,43,6,3,31,21,2,88,80,0,0,0,1,0,0,0,0,1,0,1,3,3,0,1,2,2,15,16,1,14,7,0,0,2,"D"
10526424,11,"Randolph North","2026-04-05","blue","hole_11",14,-1,3,2,45,43,6,3,31,21,2,88,80,0,0,1,0,0,1,0,0,0,0,0,3,3,1,1,2,2,15,16,0,14,7,0,0,2,"6"
10526424,11,"Randolph North","2026-04-05","blue","hole_12",10,0,5,5,45,43,6,3,31,21,2,88,80,0,0,0,1,0,0,0,0,1,0,1,3,3,0,1,2,2,15,16,1,14,7,0,0,2,"D"
10526424,11,"Randolph North","2026-04-05","blue","hole_13",16,-1,5,4,45,43,6,3,31,21,2,88,80,0,0,1,0,0,1,0,0,0,0,0,3,3,0,1,2,2,15,16,1,14,7,0,0,2,"D"
10526424,11,"Randolph North","2026-04-05","blue","hole_14",8,0,4,4,45,43,6,3,31,21,2,88,80,0,0,1,0,0,0,0,1,0,0,1,3,3,1,1,2,2,15,16,0,14,7,0,0,2,"D"
10526424,11,"Randolph North","2026-04-05","blue","hole_15",6,0,6,6,45,43,6,3,31,21,2,88,80,0,0,0,0,1,0,0,0,0,1,0,3,3,0,1,2,1,15,16,1,14,7,2,0,2,"6"
10526424,11,"Randolph North","2026-04-05","blue","hole_16",18,-1,6,5,45,43,6,3,31,21,2,88,80,0,0,0,1,0,0,0,1,0,0,0,3,3,0,1,2,2,15,16,1,14,7,0,0,2,"D"
10526424,11,"Randolph North","2026-04-05","blue","hole_17",12,-1,4,3,45,43,6,3,31,21,2,88,80,0,0,1,0,0,1,0,0,0,0,0,3,3,0,1,2,1,15,16,1,14,7,0,0,2,"D"
10526424,11,"Randolph North","2026-04-05","blue","hole_18",4,0,5,5,45,43,6,3,31,21,2,88,80,0,0,0,1,0,0,0,0,1,0,0,3,3,0,1,2,2,15,16,1,14,7,0,0,2,"D"
10526424,11,"Randolph North","2026-04-19","blue","hole_1",7,0,5,5,45,46,3,4,36,20,0,91,83,0,0,0,1,0,0,0,0,1,0,0,1,2,0,2,2,2,19,17,1,8,12,0,0,0,"D"
10526424,11,"Randolph North","2026-04-19","blue","hole_2",9,0,5,5,45,46,3,4,36,20,0,91,83,0,0,0,1,0,0,0,0,1,0,0,1,2,0,2,2,2,19,17,1,8,12,0,0,0,"D"
10526424,11,"Randolph North","2026-04-19","blue","hole_3",11,-1,6,5,45,46,3,4,36,20,0,91,83,0,0,0,1,0,0,0,1,0,0,1,1,2,0,2,2,2,19,17,1,8,12,0,0,0,"D"
10526424,11,"Randolph North","2026-04-19","blue","hole_4",1,0,4,4,45,46,3,4,36,20,0,91,83,0,0,1,0,0,0,0,1,0,0,0,1,2,1,2,2,2,19,17,0,8,12,0,0,0,"D"
10526424,11,"Randolph North","2026-04-19","blue","hole_5",3,0,5,5,45,46,3,4,36,20,0,91,83,0,0,0,1,0,0,0,0,1,0,0,1,2,0,2,2,2,19,17,0,8,12,0,0,0,"D"
10526424,11,"Randolph North","2026-04-19","blue","hole_6",13,-1,4,3,45,46,3,4,36,20,0,91,83,0,0,0,1,0,0,0,1,0,0,0,1,2,0,2,2,2,19,17,1,8,12,0,0,0,"9"
10526424,11,"Randolph North","2026-04-19","blue","hole_7",15,-1,4,3,45,46,3,4,36,20,0,91,83,0,0,1,0,0,1,0,0,0,0,0,1,2,1,2,2,2,19,17,0,8,12,0,0,0,"D"
10526424,11,"Randolph North","2026-04-19","blue","hole_8",5,0,4,4,45,46,3,4,36,20,0,91,83,0,0,0,1,0,0,0,0,1,0,0,1,2,0,2,2,2,19,17,1,8,12,0,0,0,"5"
10526424,11,"Randolph North","2026-04-19","blue","hole_9",17,-1,8,7,45,46,3,4,36,20,0,91,83,0,0,0,0,1,0,0,0,0,1,0,1,2,0,2,2,3,19,17,3,8,12,0,0,0,"D"
10526424,11,"Randolph North","2026-04-19","blue","hole_10",2,0,4,4,45,46,3,4,36,20,0,91,83,0,0,1,0,0,0,0,1,0,0,0,1,2,0,2,2,1,19,17,1,8,12,0,0,0,"D"
10526424,11,"Randolph North","2026-04-19","blue","hole_11",14,-1,3,2,45,46,3,4,36,20,0,91,83,0,0,1,0,0,1,0,0,0,0,0,1,2,1,2,2,2,19,17,0,8,12,0,0,0,"7"
10526424,11,"Randolph North","2026-04-19","blue","hole_12",10,0,6,6,45,46,3,4,36,20,0,91,83,0,0,0,0,1,0,0,0,0,1,0,1,2,0,2,2,2,19,17,2,8,12,0,0,0,"D"
10526424,11,"Randolph North","2026-04-19","blue","hole_13",16,-1,6,5,45,46,3,4,36,20,0,91,83,0,0,0,1,0,0,0,1,0,0,0,1,2,0,2,2,2,19,17,1,8,12,0,0,0,"D"
10526424,11,"Randolph North","2026-04-19","blue","hole_14",8,0,4,4,45,46,3,4,36,20,0,91,83,0,0,1,0,0,0,0,1,0,0,0,1,2,1,2,2,2,19,17,0,8,12,0,0,0,"D"
10526424,11,"Randolph North","2026-04-19","blue","hole_15",6,0,4,4,45,46,3,4,36,20,0,91,83,0,0,0,1,0,0,0,0,1,0,0,1,2,0,2,2,1,19,17,2,8,12,0,0,0,"7"
10526424,11,"Randolph North","2026-04-19","blue","hole_16",18,-1,5,4,45,46,3,4,36,20,0,91,83,0,0,1,0,0,1,0,0,0,0,0,1,2,0,2,2,2,19,17,1,8,12,0,0,0,"D"
10526424,11,"Randolph North","2026-04-19","blue","hole_17",12,-1,6,5,45,46,3,4,36,20,0,91,83,0,0,0,0,1,0,0,0,1,0,1,1,2,0,2,2,3,19,17,1,8,12,0,0,0,"D"
10526424,11,"Randolph North","2026-04-19","blue","hole_18",4,0,8,8,45,46,3,4,36,20,0,91,83,0,0,0,0,1,0,0,0,0,1,1,1,2,0,2,2,2,19,17,4,8,12,0,0,0,"D"
