"course_name","lat","long","tees","to_par","slope","course_rating","hole","yds","par","hole_handicap"
"Arizona National",32.2996506,-110.7839318,"blue",71,132,68,1,344,4,10
"Arizona National",32.2996506,-110.7839318,"blue",71,132,68,2,518,5,2
"Arizona National",32.2996506,-110.7839318,"blue",71,132,68,3,302,4,18
"Arizona National",32.2996506,-110.7839318,"blue",71,132,68,4,168,3,8
"Arizona National",32.2996506,-110.7839318,"blue",71,132,68,5,489,5,4
"Arizona National",32.2996506,-110.7839318,"blue",71,132,68,6,138,3,16
"Arizona National",32.2996506,-110.7839318,"blue",71,132,68,7,359,4,12
"Arizona National",32.2996506,-110.7839318,"blue",71,132,68,8,292,4,14
"Arizona National",32.2996506,-110.7839318,"blue",71,132,68,9,192,3,6
"Arizona National",32.2996506,-110.7839318,"blue",71,132,68,10,412,4,3
"Arizona National",32.2996506,-110.7839318,"blue",71,132,68,11,547,5,1
"Arizona National",32.2996506,-110.7839318,"blue",71,132,68,12,169,3,17
"Arizona National",32.2996506,-110.7839318,"blue",71,132,68,13,435,4,9
"Arizona National",32.2996506,-110.7839318,"blue",71,132,68,14,387,4,7
"Arizona National",32.2996506,-110.7839318,"blue",71,132,68,15,376,4,5
"Arizona National",32.2996506,-110.7839318,"blue",71,132,68,16,335,4,13
"Arizona National",32.2996506,-110.7839318,"blue",71,132,68,17,172,3,11
"Arizona National",32.2996506,-110.7839318,"blue",71,132,68,18,497,5,15
"Arizona National",32.2996506,-110.7839318,"combo",71,127,67,1,344,4,10
"Arizona National",32.2996506,-110.7839318,"combo",71,127,67,2,518,5,2
"Arizona National",32.2996506,-110.7839318,"combo",71,127,67,3,302,4,18
"Arizona National",32.2996506,-110.7839318,"combo",71,127,67,4,168,3,8
"Arizona National",32.2996506,-110.7839318,"combo",71,127,67,5,489,5,4
"Arizona National",32.2996506,-110.7839318,"combo",71,127,67,6,138,3,16
"Arizona National",32.2996506,-110.7839318,"combo",71,127,67,7,359,4,12
"Arizona National",32.2996506,-110.7839318,"combo",71,127,67,8,292,4,14
"Arizona National",32.2996506,-110.7839318,"combo",71,127,67,9,192,3,6
"Arizona National",32.2996506,-110.7839318,"combo",71,127,67,10,372,4,3
"Arizona National",32.2996506,-110.7839318,"combo",71,127,67,11,477,5,1
"Arizona National",32.2996506,-110.7839318,"combo",71,127,67,12,161,3,17
"Arizona National",32.2996506,-110.7839318,"combo",71,127,67,13,377,4,9
"Arizona National",32.2996506,-110.7839318,"combo",71,127,67,14,343,4,7
"Arizona National",32.2996506,-110.7839318,"combo",71,127,67,15,346,4,5
"Arizona National",32.2996506,-110.7839318,"combo",71,127,67,16,273,4,13
"Arizona National",32.2996506,-110.7839318,"combo",71,127,67,17,131,3,11
"Arizona National",32.2996506,-110.7839318,"combo",71,127,67,18,433,5,15
"Arizona National",32.2996506,-110.7839318,"white",71,124,65,1,319,4,10
"Arizona National",32.2996506,-110.7839318,"white",71,124,65,2,508,5,2
"Arizona National",32.2996506,-110.7839318,"white",71,124,65,3,272,4,18
"Arizona National",32.2996506,-110.7839318,"white",71,124,65,4,137,3,8
"Arizona National",32.2996506,-110.7839318,"white",71,124,65,5,468,5,4
"Arizona National",32.2996506,-110.7839318,"white",71,124,65,6,129,3,16
"Arizona National",32.2996506,-110.7839318,"white",71,124,65,7,328,4,12
"Arizona National",32.2996506,-110.7839318,"white",71,124,65,8,266,4,14
"Arizona National",32.2996506,-110.7839318,"white",71,124,65,9,165,3,6
"Arizona National",32.2996506,-110.7839318,"white",71,124,65,10,372,4,3
"Arizona National",32.2996506,-110.7839318,"white",71,124,65,11,477,5,1
"Arizona National",32.2996506,-110.7839318,"white",71,124,65,12,161,3,17
"Arizona National",32.2996506,-110.7839318,"white",71,124,65,13,377,4,9
"Arizona National",32.2996506,-110.7839318,"white",71,124,65,14,343,4,7
"Arizona National",32.2996506,-110.7839318,"white",71,124,65,15,346,4,5
"Arizona National",32.2996506,-110.7839318,"white",71,124,65,16,273,4,13
"Arizona National",32.2996506,-110.7839318,"white",71,124,65,17,131,3,11
"Arizona National",32.2996506,-110.7839318,"white",71,124,65,18,433,5,15
"Crooked Tree",32.374983,-111.0558353,"blue",72,133,72,1,370,4,4
"Crooked Tree",32.374983,-111.0558353,"blue",72,133,72,2,170,3,18
"Crooked Tree",32.374983,-111.0558353,"blue",72,133,72,3,373,4,10
"Crooked Tree",32.374983,-111.0558353,"blue",72,133,72,4,575,5,8
"Crooked Tree",32.374983,-111.0558353,"blue",72,133,72,5,375,4,14
"Crooked Tree",32.374983,-111.0558353,"blue",72,133,72,6,485,4,12
"Crooked Tree",32.374983,-111.0558353,"blue",72,133,72,7,134,3,16
"Crooked Tree",32.374983,-111.0558353,"blue",72,133,72,8,550,5,2
"Crooked Tree",32.374983,-111.0558353,"blue",72,133,72,9,396,4,6
"Crooked Tree",32.374983,-111.0558353,"blue",72,133,72,10,381,4,9
"Crooked Tree",32.374983,-111.0558353,"blue",72,133,72,11,527,5,7
"Crooked Tree",32.374983,-111.0558353,"blue",72,133,72,12,360,4,11
"Crooked Tree",32.374983,-111.0558353,"blue",72,133,72,13,175,3,15
"Crooked Tree",32.374983,-111.0558353,"blue",72,133,72,14,429,4,5
"Crooked Tree",32.374983,-111.0558353,"blue",72,133,72,15,590,5,1
"Crooked Tree",32.374983,-111.0558353,"blue",72,133,72,16,252,3,17
"Crooked Tree",32.374983,-111.0558353,"blue",72,133,72,17,375,4,3
"Crooked Tree",32.374983,-111.0558353,"blue",72,133,72,18,443,4,13
"Crooked Tree",32.374983,-111.0558353,"combo",72,129,70,1,370,4,4
"Crooked Tree",32.374983,-111.0558353,"combo",72,129,70,2,170,3,18
"Crooked Tree",32.374983,-111.0558353,"combo",72,129,70,3,373,4,10
"Crooked Tree",32.374983,-111.0558353,"combo",72,129,70,4,575,5,8
"Crooked Tree",32.374983,-111.0558353,"combo",72,129,70,5,375,4,14
"Crooked Tree",32.374983,-111.0558353,"combo",72,129,70,6,364,4,12
"Crooked Tree",32.374983,-111.0558353,"combo",72,129,70,7,134,3,16
"Crooked Tree",32.374983,-111.0558353,"combo",72,129,70,8,512,5,2
"Crooked Tree",32.374983,-111.0558353,"combo",72,129,70,9,396,4,6
"Crooked Tree",32.374983,-111.0558353,"combo",72,129,70,10,381,4,9
"Crooked Tree",32.374983,-111.0558353,"combo",72,129,70,11,527,5,7
"Crooked Tree",32.374983,-111.0558353,"combo",72,129,70,12,360,4,11
"Crooked Tree",32.374983,-111.0558353,"combo",72,129,70,13,175,3,15
"Crooked Tree",32.374983,-111.0558353,"combo",72,129,70,14,397,4,5
"Crooked Tree",32.374983,-111.0558353,"combo",72,129,70,15,521,5,1
"Crooked Tree",32.374983,-111.0558353,"combo",72,129,70,16,252,3,17
"Crooked Tree",32.374983,-111.0558353,"combo",72,129,70,17,375,4,3
"Crooked Tree",32.374983,-111.0558353,"combo",72,129,70,18,352,4,13
"Crooked Tree",32.374983,-111.0558353,"white",72,123,68,1,336,4,4
"Crooked Tree",32.374983,-111.0558353,"white",72,123,68,2,153,3,18
"Crooked Tree",32.374983,-111.0558353,"white",72,123,68,3,349,4,10
"Crooked Tree",32.374983,-111.0558353,"white",72,123,68,4,490,5,8
"Crooked Tree",32.374983,-111.0558353,"white",72,123,68,5,347,4,14
"Crooked Tree",32.374983,-111.0558353,"white",72,123,68,6,364,4,12
"Crooked Tree",32.374983,-111.0558353,"white",72,123,68,7,130,3,16
"Crooked Tree",32.374983,-111.0558353,"white",72,123,68,8,512,5,2
"Crooked Tree",32.374983,-111.0558353,"white",72,123,68,9,353,4,6
"Crooked Tree",32.374983,-111.0558353,"white",72,123,68,10,363,4,9
"Crooked Tree",32.374983,-111.0558353,"white",72,123,68,11,482,5,7
"Crooked Tree",32.374983,-111.0558353,"white",72,123,68,12,341,4,11
"Crooked Tree",32.374983,-111.0558353,"white",72,123,68,13,147,3,15
"Crooked Tree",32.374983,-111.0558353,"white",72,123,68,14,397,4,5
"Crooked Tree",32.374983,-111.0558353,"white",72,123,68,15,521,5,1
"Crooked Tree",32.374983,-111.0558353,"white",72,123,68,16,191,3,17
"Crooked Tree",32.374983,-111.0558353,"white",72,123,68,17,356,4,3
"Crooked Tree",32.374983,-111.0558353,"white",72,123,68,18,352,4,13
"Dell Urich",32.2106312,-110.9138233,"blue",70,124,70.3,1,373,4,9
"Dell Urich",32.2106312,-110.9138233,"blue",70,124,70.3,2,213,3,5
"Dell Urich",32.2106312,-110.9138233,"blue",70,124,70.3,3,557,5,13
"Dell Urich",32.2106312,-110.9138233,"blue",70,124,70.3,4,299,4,17
"Dell Urich",32.2106312,-110.9138233,"blue",70,124,70.3,5,156,3,11
"Dell Urich",32.2106312,-110.9138233,"blue",70,124,70.3,6,540,5,15
"Dell Urich",32.2106312,-110.9138233,"blue",70,124,70.3,7,445,4,1
"Dell Urich",32.2106312,-110.9138233,"blue",70,124,70.3,8,457,4,3
"Dell Urich",32.2106312,-110.9138233,"blue",70,124,70.3,9,187,3,7
"Dell Urich",32.2106312,-110.9138233,"blue",70,124,70.3,10,390,4,10
"Dell Urich",32.2106312,-110.9138233,"blue",70,124,70.3,11,193,3,16
"Dell Urich",32.2106312,-110.9138233,"blue",70,124,70.3,12,451,4,6
"Dell Urich",32.2106312,-110.9138233,"blue",70,124,70.3,13,515,5,18
"Dell Urich",32.2106312,-110.9138233,"blue",70,124,70.3,14,468,4,4
"Dell Urich",32.2106312,-110.9138233,"blue",70,124,70.3,15,429,4,14
"Dell Urich",32.2106312,-110.9138233,"blue",70,124,70.3,16,380,4,8
"Dell Urich",32.2106312,-110.9138233,"blue",70,124,70.3,17,137,3,12
"Dell Urich",32.2106312,-110.9138233,"blue",70,124,70.3,18,439,4,2
"Dell Urich",32.2106312,-110.9138233,"combo",70,120,68.5,1,373,4,9
"Dell Urich",32.2106312,-110.9138233,"combo",70,120,68.5,2,170,3,5
"Dell Urich",32.2106312,-110.9138233,"combo",70,120,68.5,3,557,5,13
"Dell Urich",32.2106312,-110.9138233,"combo",70,120,68.5,4,299,4,17
"Dell Urich",32.2106312,-110.9138233,"combo",70,120,68.5,5,156,3,11
"Dell Urich",32.2106312,-110.9138233,"combo",70,120,68.5,6,540,5,15
"Dell Urich",32.2106312,-110.9138233,"combo",70,120,68.5,7,402,4,1
"Dell Urich",32.2106312,-110.9138233,"combo",70,120,68.5,8,437,4,3
"Dell Urich",32.2106312,-110.9138233,"combo",70,120,68.5,9,170,3,7
"Dell Urich",32.2106312,-110.9138233,"combo",70,120,68.5,10,390,4,10
"Dell Urich",32.2106312,-110.9138233,"combo",70,120,68.5,11,173,3,16
"Dell Urich",32.2106312,-110.9138233,"combo",70,120,68.5,12,411,4,6
"Dell Urich",32.2106312,-110.9138233,"combo",70,120,68.5,13,515,5,18
"Dell Urich",32.2106312,-110.9138233,"combo",70,120,68.5,14,427,4,4
"Dell Urich",32.2106312,-110.9138233,"combo",70,120,68.5,15,360,4,14
"Dell Urich",32.2106312,-110.9138233,"combo",70,120,68.5,16,380,4,8
"Dell Urich",32.2106312,-110.9138233,"combo",70,120,68.5,17,137,3,12
"Dell Urich",32.2106312,-110.9138233,"combo",70,120,68.5,18,439,4,2
"Dell Urich",32.2106312,-110.9138233,"white",70,116,67.8,1,347,4,9
"Dell Urich",32.2106312,-110.9138233,"white",70,116,67.8,2,170,3,5
"Dell Urich",32.2106312,-110.9138233,"white",70,116,67.8,3,534,5,13
"Dell Urich",32.2106312,-110.9138233,"white",70,116,67.8,4,277,4,17
"Dell Urich",32.2106312,-110.9138233,"white",70,116,67.8,5,143,3,11
"Dell Urich",32.2106312,-110.9138233,"white",70,116,67.8,6,527,5,15
"Dell Urich",32.2106312,-110.9138233,"white",70,116,67.8,7,402,4,1
"Dell Urich",32.2106312,-110.9138233,"white",70,116,67.8,8,437,4,3
"Dell Urich",32.2106312,-110.9138233,"white",70,116,67.8,9,170,3,7
"Dell Urich",32.2106312,-110.9138233,"white",70,116,67.8,10,364,4,10
"Dell Urich",32.2106312,-110.9138233,"white",70,116,67.8,11,173,3,16
"Dell Urich",32.2106312,-110.9138233,"white",70,116,67.8,12,411,4,6
"Dell Urich",32.2106312,-110.9138233,"white",70,116,67.8,13,502,5,18
"Dell Urich",32.2106312,-110.9138233,"white",70,116,67.8,14,427,4,4
"Dell Urich",32.2106312,-110.9138233,"white",70,116,67.8,15,360,4,14
"Dell Urich",32.2106312,-110.9138233,"white",70,116,67.8,16,350,4,8
"Dell Urich",32.2106312,-110.9138233,"white",70,116,67.8,17,126,3,12
"Dell Urich",32.2106312,-110.9138233,"white",70,116,67.8,18,401,4,2
"El Rio",32.2389473,-110.9982372,"blue",70,124,69,1,394,4,12
"El Rio",32.2389473,-110.9982372,"blue",70,124,69,2,406,4,6
"El Rio",32.2389473,-110.9982372,"blue",70,124,69,3,427,4,4
"El Rio",32.2389473,-110.9982372,"blue",70,124,69,4,117,3,18
"El Rio",32.2389473,-110.9982372,"blue",70,124,69,5,442,4,2
"El Rio",32.2389473,-110.9982372,"blue",70,124,69,6,189,3,16
"El Rio",32.2389473,-110.9982372,"blue",70,124,69,7,376,4,8
"El Rio",32.2389473,-110.9982372,"blue",70,124,69,8,343,4,14
"El Rio",32.2389473,-110.9982372,"blue",70,124,69,9,511,5,10
"El Rio",32.2389473,-110.9982372,"blue",70,124,69,10,353,4,13
"El Rio",32.2389473,-110.9982372,"blue",70,124,69,11,446,4,1
"El Rio",32.2389473,-110.9982372,"blue",70,124,69,12,344,4,17
"El Rio",32.2389473,-110.9982372,"blue",70,124,69,13,203,3,7
"El Rio",32.2389473,-110.9982372,"blue",70,124,69,14,322,4,11
"El Rio",32.2389473,-110.9982372,"blue",70,124,69,15,366,4,15
"El Rio",32.2389473,-110.9982372,"blue",70,124,69,16,417,4,5
"El Rio",32.2389473,-110.9982372,"blue",70,124,69,17,219,3,3
"El Rio",32.2389473,-110.9982372,"blue",70,124,69,18,561,5,9
"El Rio",32.2389473,-110.9982372,"combo",70,121,68,1,394,4,12
"El Rio",32.2389473,-110.9982372,"combo",70,121,68,2,373,4,6
"El Rio",32.2389473,-110.9982372,"combo",70,121,68,3,400,4,4
"El Rio",32.2389473,-110.9982372,"combo",70,121,68,4,117,3,18
"El Rio",32.2389473,-110.9982372,"combo",70,121,68,5,418,4,2
"El Rio",32.2389473,-110.9982372,"combo",70,121,68,6,158,3,16
"El Rio",32.2389473,-110.9982372,"combo",70,121,68,7,376,4,8
"El Rio",32.2389473,-110.9982372,"combo",70,121,68,8,343,4,14
"El Rio",32.2389473,-110.9982372,"combo",70,121,68,9,492,5,10
"El Rio",32.2389473,-110.9982372,"combo",70,121,68,10,323,4,13
"El Rio",32.2389473,-110.9982372,"combo",70,121,68,11,425,4,1
"El Rio",32.2389473,-110.9982372,"combo",70,121,68,12,344,4,17
"El Rio",32.2389473,-110.9982372,"combo",70,121,68,13,176,3,7
"El Rio",32.2389473,-110.9982372,"combo",70,121,68,14,322,4,11
"El Rio",32.2389473,-110.9982372,"combo",70,121,68,15,366,4,15
"El Rio",32.2389473,-110.9982372,"combo",70,121,68,16,388,4,5
"El Rio",32.2389473,-110.9982372,"combo",70,121,68,17,193,3,3
"El Rio",32.2389473,-110.9982372,"combo",70,121,68,18,534,5,9
"El Rio",32.2389473,-110.9982372,"white",70,119,67,1,368,4,12
"El Rio",32.2389473,-110.9982372,"white",70,119,67,2,373,4,6
"El Rio",32.2389473,-110.9982372,"white",70,119,67,3,400,4,4
"El Rio",32.2389473,-110.9982372,"white",70,119,67,4,103,3,18
"El Rio",32.2389473,-110.9982372,"white",70,119,67,5,418,4,2
"El Rio",32.2389473,-110.9982372,"white",70,119,67,6,158,3,16
"El Rio",32.2389473,-110.9982372,"white",70,119,67,7,356,4,8
"El Rio",32.2389473,-110.9982372,"white",70,119,67,8,320,4,14
"El Rio",32.2389473,-110.9982372,"white",70,119,67,9,492,5,10
"El Rio",32.2389473,-110.9982372,"white",70,119,67,10,323,4,13
"El Rio",32.2389473,-110.9982372,"white",70,119,67,11,425,4,1
"El Rio",32.2389473,-110.9982372,"white",70,119,67,12,322,4,17
"El Rio",32.2389473,-110.9982372,"white",70,119,67,13,176,3,7
"El Rio",32.2389473,-110.9982372,"white",70,119,67,14,306,4,11
"El Rio",32.2389473,-110.9982372,"white",70,119,67,15,356,4,15
"El Rio",32.2389473,-110.9982372,"white",70,119,67,16,388,4,5
"El Rio",32.2389473,-110.9982372,"white",70,119,67,17,193,3,3
"El Rio",32.2389473,-110.9982372,"white",70,119,67,18,534,5,9
"Fred Enke",32.1686901,-110.8119298,"blue",72,130,71.4,1,401,4,12
"Fred Enke",32.1686901,-110.8119298,"blue",72,130,71.4,2,547,5,6
"Fred Enke",32.1686901,-110.8119298,"blue",72,130,71.4,3,211,3,8
"Fred Enke",32.1686901,-110.8119298,"blue",72,130,71.4,4,321,4,16
"Fred Enke",32.1686901,-110.8119298,"blue",72,130,71.4,5,402,4,4
"Fred Enke",32.1686901,-110.8119298,"blue",72,130,71.4,6,151,3,18
"Fred Enke",32.1686901,-110.8119298,"blue",72,130,71.4,7,345,4,14
"Fred Enke",32.1686901,-110.8119298,"blue",72,130,71.4,8,393,4,2
"Fred Enke",32.1686901,-110.8119298,"blue",72,130,71.4,9,495,5,10
"Fred Enke",32.1686901,-110.8119298,"blue",72,130,71.4,10,368,4,13
"Fred Enke",32.1686901,-110.8119298,"blue",72,130,71.4,11,223,3,9
"Fred Enke",32.1686901,-110.8119298,"blue",72,130,71.4,12,507,5,5
"Fred Enke",32.1686901,-110.8119298,"blue",72,130,71.4,13,340,4,15
"Fred Enke",32.1686901,-110.8119298,"blue",72,130,71.4,14,553,5,3
"Fred Enke",32.1686901,-110.8119298,"blue",72,130,71.4,15,157,3,17
"Fred Enke",32.1686901,-110.8119298,"blue",72,130,71.4,16,388,4,11
"Fred Enke",32.1686901,-110.8119298,"blue",72,130,71.4,17,375,4,7
"Fred Enke",32.1686901,-110.8119298,"blue",72,130,71.4,18,452,4,1
"Fred Enke",32.1686901,-110.8119298,"combo",72,124,70,1,368,4,12
"Fred Enke",32.1686901,-110.8119298,"combo",72,124,70,2,176,5,6
"Fred Enke",32.1686901,-110.8119298,"combo",72,124,70,3,466,3,8
"Fred Enke",32.1686901,-110.8119298,"combo",72,124,70,4,340,4,16
"Fred Enke",32.1686901,-110.8119298,"combo",72,124,70,5,553,4,4
"Fred Enke",32.1686901,-110.8119298,"combo",72,124,70,6,122,3,18
"Fred Enke",32.1686901,-110.8119298,"combo",72,124,70,7,388,4,14
"Fred Enke",32.1686901,-110.8119298,"combo",72,124,70,8,375,4,2
"Fred Enke",32.1686901,-110.8119298,"combo",72,124,70,9,412,5,10
"Fred Enke",32.1686901,-110.8119298,"combo",72,124,70,10,401,4,13
"Fred Enke",32.1686901,-110.8119298,"combo",72,124,70,11,508,3,9
"Fred Enke",32.1686901,-110.8119298,"combo",72,124,70,12,211,5,5
"Fred Enke",32.1686901,-110.8119298,"combo",72,124,70,13,300,4,15
"Fred Enke",32.1686901,-110.8119298,"combo",72,124,70,14,342,5,3
"Fred Enke",32.1686901,-110.8119298,"combo",72,124,70,15,151,3,17
"Fred Enke",32.1686901,-110.8119298,"combo",72,124,70,16,333,4,11
"Fred Enke",32.1686901,-110.8119298,"combo",72,124,70,17,393,4,7
"Fred Enke",32.1686901,-110.8119298,"combo",72,124,70,18,466,4,1
"Fred Enke",32.1686901,-110.8119298,"white",72,120,68.6,1,379,4,12
"Fred Enke",32.1686901,-110.8119298,"white",72,120,68.6,2,508,5,6
"Fred Enke",32.1686901,-110.8119298,"white",72,120,68.6,3,185,3,8
"Fred Enke",32.1686901,-110.8119298,"white",72,120,68.6,4,300,4,16
"Fred Enke",32.1686901,-110.8119298,"white",72,120,68.6,5,342,4,4
"Fred Enke",32.1686901,-110.8119298,"white",72,120,68.6,6,130,3,18
"Fred Enke",32.1686901,-110.8119298,"white",72,120,68.6,7,333,4,14
"Fred Enke",32.1686901,-110.8119298,"white",72,120,68.6,8,349,4,2
"Fred Enke",32.1686901,-110.8119298,"white",72,120,68.6,9,466,5,10
"Fred Enke",32.1686901,-110.8119298,"white",72,120,68.6,10,338,4,13
"Fred Enke",32.1686901,-110.8119298,"white",72,120,68.6,11,176,3,9
"Fred Enke",32.1686901,-110.8119298,"white",72,120,68.6,12,466,5,5
"Fred Enke",32.1686901,-110.8119298,"white",72,120,68.6,13,318,4,15
"Fred Enke",32.1686901,-110.8119298,"white",72,120,68.6,14,533,5,3
"Fred Enke",32.1686901,-110.8119298,"white",72,120,68.6,15,122,3,17
"Fred Enke",32.1686901,-110.8119298,"white",72,120,68.6,16,369,4,11
"Fred Enke",32.1686901,-110.8119298,"white",72,120,68.6,17,328,4,7
"Fred Enke",32.1686901,-110.8119298,"white",72,120,68.6,18,412,4,1
"Quarry Pines",32.361187,-111.1022155,"blue",71,135,71.1,1,524,5,5
"Quarry Pines",32.361187,-111.1022155,"blue",71,135,71.1,2,332,4,11
"Quarry Pines",32.361187,-111.1022155,"blue",71,135,71.1,3,417,4,3
"Quarry Pines",32.361187,-111.1022155,"blue",71,135,71.1,4,320,4,9
"Quarry Pines",32.361187,-111.1022155,"blue",71,135,71.1,5,490,4,7
"Quarry Pines",32.361187,-111.1022155,"blue",71,135,71.1,6,200,3,15
"Quarry Pines",32.361187,-111.1022155,"blue",71,135,71.1,7,501,5,1
"Quarry Pines",32.361187,-111.1022155,"blue",71,135,71.1,8,202,3,13
"Quarry Pines",32.361187,-111.1022155,"blue",71,135,71.1,9,302,4,17
"Quarry Pines",32.361187,-111.1022155,"blue",71,135,71.1,10,334,4,8
"Quarry Pines",32.361187,-111.1022155,"blue",71,135,71.1,11,256,3,10
"Quarry Pines",32.361187,-111.1022155,"blue",71,135,71.1,12,574,5,2
"Quarry Pines",32.361187,-111.1022155,"blue",71,135,71.1,13,368,4,16
"Quarry Pines",32.361187,-111.1022155,"blue",71,135,71.1,14,405,4,6
"Quarry Pines",32.361187,-111.1022155,"blue",71,135,71.1,15,134,3,18
"Quarry Pines",32.361187,-111.1022155,"blue",71,135,71.1,16,561,5,4
"Quarry Pines",32.361187,-111.1022155,"blue",71,135,71.1,17,197,3,14
"Quarry Pines",32.361187,-111.1022155,"blue",71,135,71.1,18,365,4,12
"Quarry Pines",32.361187,-111.1022155,"combo",71,127,68.8,1,485,5,5
"Quarry Pines",32.361187,-111.1022155,"combo",71,127,68.8,2,296,4,11
"Quarry Pines",32.361187,-111.1022155,"combo",71,127,68.8,3,388,4,3
"Quarry Pines",32.361187,-111.1022155,"combo",71,127,68.8,4,296,4,9
"Quarry Pines",32.361187,-111.1022155,"combo",71,127,68.8,5,411,4,7
"Quarry Pines",32.361187,-111.1022155,"combo",71,127,68.8,6,172,3,15
"Quarry Pines",32.361187,-111.1022155,"combo",71,127,68.8,7,467,5,1
"Quarry Pines",32.361187,-111.1022155,"combo",71,127,68.8,8,176,3,13
"Quarry Pines",32.361187,-111.1022155,"combo",71,127,68.8,9,276,4,17
"Quarry Pines",32.361187,-111.1022155,"combo",71,127,68.8,10,308,4,8
"Quarry Pines",32.361187,-111.1022155,"combo",71,127,68.8,11,183,3,10
"Quarry Pines",32.361187,-111.1022155,"combo",71,127,68.8,12,546,5,2
"Quarry Pines",32.361187,-111.1022155,"combo",71,127,68.8,13,340,4,16
"Quarry Pines",32.361187,-111.1022155,"combo",71,127,68.8,14,334,4,6
"Quarry Pines",32.361187,-111.1022155,"combo",71,127,68.8,15,115,3,18
"Quarry Pines",32.361187,-111.1022155,"combo",71,127,68.8,16,529,5,4
"Quarry Pines",32.361187,-111.1022155,"combo",71,127,68.8,17,177,3,14
"Quarry Pines",32.361187,-111.1022155,"combo",71,127,68.8,18,350,4,12
"Quarry Pines",32.361187,-111.1022155,"white",71,117,66.7,1,477,5,5
"Quarry Pines",32.361187,-111.1022155,"white",71,117,66.7,2,276,4,11
"Quarry Pines",32.361187,-111.1022155,"white",71,117,66.7,3,359,4,3
"Quarry Pines",32.361187,-111.1022155,"white",71,117,66.7,4,272,4,9
"Quarry Pines",32.361187,-111.1022155,"white",71,117,66.7,5,355,4,7
"Quarry Pines",32.361187,-111.1022155,"white",71,117,66.7,6,165,3,15
"Quarry Pines",32.361187,-111.1022155,"white",71,117,66.7,7,452,5,1
"Quarry Pines",32.361187,-111.1022155,"white",71,117,66.7,8,146,3,13
"Quarry Pines",32.361187,-111.1022155,"white",71,117,66.7,9,249,4,17
"Quarry Pines",32.361187,-111.1022155,"white",71,117,66.7,10,289,4,8
"Quarry Pines",32.361187,-111.1022155,"white",71,117,66.7,11,171,3,10
"Quarry Pines",32.361187,-111.1022155,"white",71,117,66.7,12,521,5,2
"Quarry Pines",32.361187,-111.1022155,"white",71,117,66.7,13,299,4,16
"Quarry Pines",32.361187,-111.1022155,"white",71,117,66.7,14,299,4,6
"Quarry Pines",32.361187,-111.1022155,"white",71,117,66.7,15,106,3,18
"Quarry Pines",32.361187,-111.1022155,"white",71,117,66.7,16,497,5,4
"Quarry Pines",32.361187,-111.1022155,"white",71,117,66.7,17,134,3,14
"Quarry Pines",32.361187,-111.1022155,"white",71,117,66.7,18,304,4,12
"Randolph North",32.216721,-110.9138944,"blue",72,126,71.7,1,365,4,7
"Randolph North",32.216721,-110.9138944,"blue",72,126,71.7,2,415,4,9
"Randolph North",32.216721,-110.9138944,"blue",72,126,71.7,3,569,5,11
"Randolph North",32.216721,-110.9138944,"blue",72,126,71.7,4,429,4,1
"Randolph North",32.216721,-110.9138944,"blue",72,126,71.7,5,440,4,3
"Randolph North",32.216721,-110.9138944,"blue",72,126,71.7,6,136,3,13
"Randolph North",32.216721,-110.9138944,"blue",72,126,71.7,7,373,4,15
"Randolph North",32.216721,-110.9138944,"blue",72,126,71.7,8,198,3,5
"Randolph North",32.216721,-110.9138944,"blue",72,126,71.7,9,469,5,17
"Randolph North",32.216721,-110.9138944,"blue",72,126,71.7,10,423,4,2
"Randolph North",32.216721,-110.9138944,"blue",72,126,71.7,11,197,3,14
"Randolph North",32.216721,-110.9138944,"blue",72,126,71.7,12,388,4,10
"Randolph North",32.216721,-110.9138944,"blue",72,126,71.7,13,480,5,16
"Randolph North",32.216721,-110.9138944,"blue",72,126,71.7,14,432,4,8
"Randolph North",32.216721,-110.9138944,"blue",72,126,71.7,15,193,3,6
"Randolph North",32.216721,-110.9138944,"blue",72,126,71.7,16,574,5,18
"Randolph North",32.216721,-110.9138944,"blue",72,126,71.7,17,368,4,12
"Randolph North",32.216721,-110.9138944,"blue",72,126,71.7,18,434,4,4
"Randolph North",32.216721,-110.9138944,"combo",72,123,70.4,1,365,4,7
"Randolph North",32.216721,-110.9138944,"combo",72,123,70.4,2,337,4,9
"Randolph North",32.216721,-110.9138944,"combo",72,123,70.4,3,550,5,11
"Randolph North",32.216721,-110.9138944,"combo",72,123,70.4,4,412,4,1
"Randolph North",32.216721,-110.9138944,"combo",72,123,70.4,5,411,4,3
"Randolph North",32.216721,-110.9138944,"combo",72,123,70.4,6,136,3,13
"Randolph North",32.216721,-110.9138944,"combo",72,123,70.4,7,373,4,15
"Randolph North",32.216721,-110.9138944,"combo",72,123,70.4,8,181,3,5
"Randolph North",32.216721,-110.9138944,"combo",72,123,70.4,9,469,5,17
"Randolph North",32.216721,-110.9138944,"combo",72,123,70.4,10,411,4,2
"Randolph North",32.216721,-110.9138944,"combo",72,123,70.4,11,187,3,14
"Randolph North",32.216721,-110.9138944,"combo",72,123,70.4,12,388,4,10
"Randolph North",32.216721,-110.9138944,"combo",72,123,70.4,13,480,5,16
"Randolph North",32.216721,-110.9138944,"combo",72,123,70.4,14,432,4,8
"Randolph North",32.216721,-110.9138944,"combo",72,123,70.4,15,172,3,6
"Randolph North",32.216721,-110.9138944,"combo",72,123,70.4,16,560,5,18
"Randolph North",32.216721,-110.9138944,"combo",72,123,70.4,17,368,4,12
"Randolph North",32.216721,-110.9138944,"combo",72,123,70.4,18,407,4,4
"Randolph North",32.216721,-110.9138944,"white",72,120,69.8,1,354,4,7
"Randolph North",32.216721,-110.9138944,"white",72,120,69.8,2,337,4,9
"Randolph North",32.216721,-110.9138944,"white",72,120,69.8,3,550,5,11
"Randolph North",32.216721,-110.9138944,"white",72,120,69.8,4,412,4,1
"Randolph North",32.216721,-110.9138944,"white",72,120,69.8,5,411,4,3
"Randolph North",32.216721,-110.9138944,"white",72,120,69.8,6,126,3,13
"Randolph North",32.216721,-110.9138944,"white",72,120,69.8,7,342,4,15
"Randolph North",32.216721,-110.9138944,"white",72,120,69.8,8,181,3,5
"Randolph North",32.216721,-110.9138944,"white",72,120,69.8,9,441,5,17
"Randolph North",32.216721,-110.9138944,"white",72,120,69.8,10,411,4,2
"Randolph North",32.216721,-110.9138944,"white",72,120,69.8,11,187,3,14
"Randolph North",32.216721,-110.9138944,"white",72,120,69.8,12,369,4,10
"Randolph North",32.216721,-110.9138944,"white",72,120,69.8,13,471,5,16
"Randolph North",32.216721,-110.9138944,"white",72,120,69.8,14,405,4,8
"Randolph North",32.216721,-110.9138944,"white",72,120,69.8,15,172,3,6
"Randolph North",32.216721,-110.9138944,"white",72,120,69.8,16,560,5,18
"Randolph North",32.216721,-110.9138944,"white",72,120,69.8,17,360,4,12
"Randolph North",32.216721,-110.9138944,"white",72,120,69.8,18,407,4,4
"Sewailo",32.1228629,-111.0889979,"blue",72,132,71,1,332,4,8
"Sewailo",32.1228629,-111.0889979,"blue",72,132,71,2,334,4,16
"Sewailo",32.1228629,-111.0889979,"blue",72,132,71,3,138,3,10
"Sewailo",32.1228629,-111.0889979,"blue",72,132,71,4,384,4,2
"Sewailo",32.1228629,-111.0889979,"blue",72,132,71,5,445,4,4
"Sewailo",32.1228629,-111.0889979,"blue",72,132,71,6,527,5,18
"Sewailo",32.1228629,-111.0889979,"blue",72,132,71,7,180,3,12
"Sewailo",32.1228629,-111.0889979,"blue",72,132,71,8,547,5,14
"Sewailo",32.1228629,-111.0889979,"blue",72,132,71,9,390,4,6
"Sewailo",32.1228629,-111.0889979,"blue",72,132,71,10,618,5,1
"Sewailo",32.1228629,-111.0889979,"blue",72,132,71,11,456,4,3
"Sewailo",32.1228629,-111.0889979,"blue",72,132,71,12,404,4,9
"Sewailo",32.1228629,-111.0889979,"blue",72,132,71,13,203,3,13
"Sewailo",32.1228629,-111.0889979,"blue",72,132,71,14,555,5,7
"Sewailo",32.1228629,-111.0889979,"blue",72,132,71,15,153,3,17
"Sewailo",32.1228629,-111.0889979,"blue",72,132,71,16,310,4,15
"Sewailo",32.1228629,-111.0889979,"blue",72,132,71,17,421,4,5
"Sewailo",32.1228629,-111.0889979,"blue",72,132,71,18,390,4,11
"Sewailo",32.1228629,-111.0889979,"combo",72,126,69,1,328,4,8
"Sewailo",32.1228629,-111.0889979,"combo",72,126,69,2,334,4,16
"Sewailo",32.1228629,-111.0889979,"combo",72,126,69,3,138,3,10
"Sewailo",32.1228629,-111.0889979,"combo",72,126,69,4,345,4,2
"Sewailo",32.1228629,-111.0889979,"combo",72,126,69,5,445,4,4
"Sewailo",32.1228629,-111.0889979,"combo",72,126,69,6,488,5,18
"Sewailo",32.1228629,-111.0889979,"combo",72,126,69,7,157,3,12
"Sewailo",32.1228629,-111.0889979,"combo",72,126,69,8,547,5,14
"Sewailo",32.1228629,-111.0889979,"combo",72,126,69,9,390,4,6
"Sewailo",32.1228629,-111.0889979,"combo",72,126,69,10,581,5,1
"Sewailo",32.1228629,-111.0889979,"combo",72,126,69,11,428,4,3
"Sewailo",32.1228629,-111.0889979,"combo",72,126,69,12,376,4,9
"Sewailo",32.1228629,-111.0889979,"combo",72,126,69,13,176,3,13
"Sewailo",32.1228629,-111.0889979,"combo",72,126,69,14,555,5,7
"Sewailo",32.1228629,-111.0889979,"combo",72,126,69,15,153,3,17
"Sewailo",32.1228629,-111.0889979,"combo",72,126,69,16,289,4,15
"Sewailo",32.1228629,-111.0889979,"combo",72,126,69,17,421,4,5
"Sewailo",32.1228629,-111.0889979,"combo",72,126,69,18,306,4,11
"Sewailo",32.1228629,-111.0889979,"white",72,124,68,1,328,4,8
"Sewailo",32.1228629,-111.0889979,"white",72,124,68,2,311,4,16
"Sewailo",32.1228629,-111.0889979,"white",72,124,68,3,131,3,10
"Sewailo",32.1228629,-111.0889979,"white",72,124,68,4,345,4,2
"Sewailo",32.1228629,-111.0889979,"white",72,124,68,5,431,4,4
"Sewailo",32.1228629,-111.0889979,"white",72,124,68,6,488,5,18
"Sewailo",32.1228629,-111.0889979,"white",72,124,68,7,157,3,12
"Sewailo",32.1228629,-111.0889979,"white",72,124,68,8,544,5,14
"Sewailo",32.1228629,-111.0889979,"white",72,124,68,9,354,4,6
"Sewailo",32.1228629,-111.0889979,"white",72,124,68,10,581,5,1
"Sewailo",32.1228629,-111.0889979,"white",72,124,68,11,428,4,3
"Sewailo",32.1228629,-111.0889979,"white",72,124,68,12,376,4,9
"Sewailo",32.1228629,-111.0889979,"white",72,124,68,13,176,3,13
"Sewailo",32.1228629,-111.0889979,"white",72,124,68,14,528,5,7
"Sewailo",32.1228629,-111.0889979,"white",72,124,68,15,134,3,17
"Sewailo",32.1228629,-111.0889979,"white",72,124,68,16,289,4,15
"Sewailo",32.1228629,-111.0889979,"white",72,124,68,17,383,4,5
"Sewailo",32.1228629,-111.0889979,"white",72,124,68,18,306,4,11
"Silverbell",32.2712865,-111.0199877,"blue",70,124,71,1,470,4,5
"Silverbell",32.2712865,-111.0199877,"blue",70,124,71,2,559,5,3
"Silverbell",32.2712865,-111.0199877,"blue",70,124,71,3,152,3,17
"Silverbell",32.2712865,-111.0199877,"blue",70,124,71,4,497,4,9
"Silverbell",32.2712865,-111.0199877,"blue",70,124,71,5,370,4,13
"Silverbell",32.2712865,-111.0199877,"blue",70,124,71,6,220,3,11
"Silverbell",32.2712865,-111.0199877,"blue",70,124,71,7,595,5,1
"Silverbell",32.2712865,-111.0199877,"blue",70,124,71,8,450,4,7
"Silverbell",32.2712865,-111.0199877,"blue",70,124,71,9,195,3,15
"Silverbell",32.2712865,-111.0199877,"blue",70,124,71,10,383,4,14
"Silverbell",32.2712865,-111.0199877,"blue",70,124,71,11,395,4,10
"Silverbell",32.2712865,-111.0199877,"blue",70,124,71,12,200,3,18
"Silverbell",32.2712865,-111.0199877,"blue",70,124,71,13,440,4,8
"Silverbell",32.2712865,-111.0199877,"blue",70,124,71,14,465,4,4
"Silverbell",32.2712865,-111.0199877,"blue",70,124,71,15,343,4,16
"Silverbell",32.2712865,-111.0199877,"blue",70,124,71,16,237,3,12
"Silverbell",32.2712865,-111.0199877,"blue",70,124,71,17,410,4,6
"Silverbell",32.2712865,-111.0199877,"blue",70,124,71,18,555,5,2
"Silverbell",32.2712865,-111.0199877,"combo",70,120,70,1,440,4,5
"Silverbell",32.2712865,-111.0199877,"combo",70,120,70,2,559,5,3
"Silverbell",32.2712865,-111.0199877,"combo",70,120,70,3,152,3,17
"Silverbell",32.2712865,-111.0199877,"combo",70,120,70,4,455,4,9
"Silverbell",32.2712865,-111.0199877,"combo",70,120,70,5,370,4,13
"Silverbell",32.2712865,-111.0199877,"combo",70,120,70,6,186,3,11
"Silverbell",32.2712865,-111.0199877,"combo",70,120,70,7,595,5,1
"Silverbell",32.2712865,-111.0199877,"combo",70,120,70,8,395,4,7
"Silverbell",32.2712865,-111.0199877,"combo",70,120,70,9,177,3,15
"Silverbell",32.2712865,-111.0199877,"combo",70,120,70,10,383,4,14
"Silverbell",32.2712865,-111.0199877,"combo",70,120,70,11,395,4,10
"Silverbell",32.2712865,-111.0199877,"combo",70,120,70,12,178,3,18
"Silverbell",32.2712865,-111.0199877,"combo",70,120,70,13,420,4,8
"Silverbell",32.2712865,-111.0199877,"combo",70,120,70,14,430,4,4
"Silverbell",32.2712865,-111.0199877,"combo",70,120,70,15,343,4,16
"Silverbell",32.2712865,-111.0199877,"combo",70,120,70,16,214,3,12
"Silverbell",32.2712865,-111.0199877,"combo",70,120,70,17,410,4,6
"Silverbell",32.2712865,-111.0199877,"combo",70,120,70,18,555,5,2
"Silverbell",32.2712865,-111.0199877,"white",70,121,68.9,1,440,4,5
"Silverbell",32.2712865,-111.0199877,"white",70,121,68.9,2,522,5,3
"Silverbell",32.2712865,-111.0199877,"white",70,121,68.9,3,143,3,17
"Silverbell",32.2712865,-111.0199877,"white",70,121,68.9,4,455,4,9
"Silverbell",32.2712865,-111.0199877,"white",70,121,68.9,5,336,4,13
"Silverbell",32.2712865,-111.0199877,"white",70,121,68.9,6,186,3,11
"Silverbell",32.2712865,-111.0199877,"white",70,121,68.9,7,548,5,1
"Silverbell",32.2712865,-111.0199877,"white",70,121,68.9,8,395,4,7
"Silverbell",32.2712865,-111.0199877,"white",70,121,68.9,9,177,3,15
"Silverbell",32.2712865,-111.0199877,"white",70,121,68.9,10,335,4,14
"Silverbell",32.2712865,-111.0199877,"white",70,121,68.9,11,378,4,10
"Silverbell",32.2712865,-111.0199877,"white",70,121,68.9,12,178,3,18
"Silverbell",32.2712865,-111.0199877,"white",70,121,68.9,13,420,4,8
"Silverbell",32.2712865,-111.0199877,"white",70,121,68.9,14,430,4,4
"Silverbell",32.2712865,-111.0199877,"white",70,121,68.9,15,316,4,16
"Silverbell",32.2712865,-111.0199877,"white",70,121,68.9,16,214,3,12
"Silverbell",32.2712865,-111.0199877,"white",70,121,68.9,17,380,4,6
"Silverbell",32.2712865,-111.0199877,"white",70,121,68.9,18,538,5,2
"Tucson National Resort- Catalina Course",32.3149149,-110.8481439,"blue",73,134,74.4,1,395,4,9
"Tucson National Resort- Catalina Course",32.3149149,-110.8481439,"blue",73,134,74.4,2,535,5,17
"Tucson National Resort- Catalina Course",32.3149149,-110.8481439,"blue",73,134,74.4,3,375,4,11
"Tucson National Resort- Catalina Course",32.3149149,-110.8481439,"blue",73,134,74.4,4,170,3,15
"Tucson National Resort- Catalina Course",32.3149149,-110.8481439,"blue",73,134,74.4,5,398,4,13
"Tucson National Resort- Catalina Course",32.3149149,-110.8481439,"blue",73,134,74.4,6,425,4,3
"Tucson National Resort- Catalina Course",32.3149149,-110.8481439,"blue",73,134,74.4,7,247,3,5
"Tucson National Resort- Catalina Course",32.3149149,-110.8481439,"blue",73,134,74.4,8,587,5,7
"Tucson National Resort- Catalina Course",32.3149149,-110.8481439,"blue",73,134,74.4,9,436,4,1
"Tucson National Resort- Catalina Course",32.3149149,-110.8481439,"blue",73,134,74.4,10,511,5,6
"Tucson National Resort- Catalina Course",32.3149149,-110.8481439,"blue",73,134,74.4,11,525,5,2
"Tucson National Resort- Catalina Course",32.3149149,-110.8481439,"blue",73,134,74.4,12,183,3,10
"Tucson National Resort- Catalina Course",32.3149149,-110.8481439,"blue",73,134,74.4,13,404,4,16
"Tucson National Resort- Catalina Course",32.3149149,-110.8481439,"blue",73,134,74.4,14,404,4,14
"Tucson National Resort- Catalina Course",32.3149149,-110.8481439,"blue",73,134,74.4,15,610,5,8
"Tucson National Resort- Catalina Course",32.3149149,-110.8481439,"blue",73,134,74.4,16,428,4,12
"Tucson National Resort- Catalina Course",32.3149149,-110.8481439,"blue",73,134,74.4,17,186,3,18
"Tucson National Resort- Catalina Course",32.3149149,-110.8481439,"blue",73,134,74.4,18,443,4,4
"Tucson National Resort- Catalina Course",32.3149149,-110.8481439,"combo",73,132,72.7,1,370,4,9
"Tucson National Resort- Catalina Course",32.3149149,-110.8481439,"combo",73,132,72.7,2,535,5,17
"Tucson National Resort- Catalina Course",32.3149149,-110.8481439,"combo",73,132,72.7,3,375,4,11
"Tucson National Resort- Catalina Course",32.3149149,-110.8481439,"combo",73,132,72.7,4,170,3,15
"Tucson National Resort- Catalina Course",32.3149149,-110.8481439,"combo",73,132,72.7,5,398,4,13
"Tucson National Resort- Catalina Course",32.3149149,-110.8481439,"combo",73,132,72.7,6,400,4,3
"Tucson National Resort- Catalina Course",32.3149149,-110.8481439,"combo",73,132,72.7,7,197,3,5
"Tucson National Resort- Catalina Course",32.3149149,-110.8481439,"combo",73,132,72.7,8,587,5,7
"Tucson National Resort- Catalina Course",32.3149149,-110.8481439,"combo",73,132,72.7,9,400,4,1
"Tucson National Resort- Catalina Course",32.3149149,-110.8481439,"combo",73,132,72.7,10,511,5,6
"Tucson National Resort- Catalina Course",32.3149149,-110.8481439,"combo",73,132,72.7,11,525,5,2
"Tucson National Resort- Catalina Course",32.3149149,-110.8481439,"combo",73,132,72.7,12,166,3,10
"Tucson National Resort- Catalina Course",32.3149149,-110.8481439,"combo",73,132,72.7,13,404,4,16
"Tucson National Resort- Catalina Course",32.3149149,-110.8481439,"combo",73,132,72.7,14,404,4,14
"Tucson National Resort- Catalina Course",32.3149149,-110.8481439,"combo",73,132,72.7,15,543,5,8
"Tucson National Resort- Catalina Course",32.3149149,-110.8481439,"combo",73,132,72.7,16,367,4,12
"Tucson National Resort- Catalina Course",32.3149149,-110.8481439,"combo",73,132,72.7,17,186,3,18
"Tucson National Resort- Catalina Course",32.3149149,-110.8481439,"combo",73,132,72.7,18,414,4,4
"Tucson National Resort- Catalina Course",32.3149149,-110.8481439,"white",73,129,71.5,1,370,4,9
"Tucson National Resort- Catalina Course",32.3149149,-110.8481439,"white",73,129,71.5,2,485,5,17
"Tucson National Resort- Catalina Course",32.3149149,-110.8481439,"white",73,129,71.5,3,350,4,11
"Tucson National Resort- Catalina Course",32.3149149,-110.8481439,"white",73,129,71.5,4,150,3,15
"Tucson National Resort- Catalina Course",32.3149149,-110.8481439,"white",73,129,71.5,5,370,4,13
"Tucson National Resort- Catalina Course",32.3149149,-110.8481439,"white",73,129,71.5,6,400,4,3
"Tucson National Resort- Catalina Course",32.3149149,-110.8481439,"white",73,129,71.5,7,197,3,5
"Tucson National Resort- Catalina Course",32.3149149,-110.8481439,"white",73,129,71.5,8,523,5,7
"Tucson National Resort- Catalina Course",32.3149149,-110.8481439,"white",73,129,71.5,9,400,4,1
"Tucson National Resort- Catalina Course",32.3149149,-110.8481439,"white",73,129,71.5,10,481,5,6
"Tucson National Resort- Catalina Course",32.3149149,-110.8481439,"white",73,129,71.5,11,505,5,2
"Tucson National Resort- Catalina Course",32.3149149,-110.8481439,"white",73,129,71.5,12,166,3,10
"Tucson National Resort- Catalina Course",32.3149149,-110.8481439,"white",73,129,71.5,13,347,4,16
"Tucson National Resort- Catalina Course",32.3149149,-110.8481439,"white",73,129,71.5,14,373,4,14
"Tucson National Resort- Catalina Course",32.3149149,-110.8481439,"white",73,129,71.5,15,543,5,8
"Tucson National Resort- Catalina Course",32.3149149,-110.8481439,"white",73,129,71.5,16,367,4,12
"Tucson National Resort- Catalina Course",32.3149149,-110.8481439,"white",73,129,71.5,17,169,3,18
"Tucson National Resort- Catalina Course",32.3149149,-110.8481439,"white",73,129,71.5,18,414,4,4
"Ventana Canyon Golf Club- Mountain Course",32.3149149,-110.8481439,"blue",72,136,70.2,1,386,4,9
"Ventana Canyon Golf Club- Mountain Course",32.3149149,-110.8481439,"blue",72,136,70.2,2,336,4,3
"Ventana Canyon Golf Club- Mountain Course",32.3149149,-110.8481439,"blue",72,136,70.2,3,104,3,17
"Ventana Canyon Golf Club- Mountain Course",32.3149149,-110.8481439,"blue",72,136,70.2,4,512,5,11
"Ventana Canyon Golf Club- Mountain Course",32.3149149,-110.8481439,"blue",72,136,70.2,5,361,4,15
"Ventana Canyon Golf Club- Mountain Course",32.3149149,-110.8481439,"blue",72,136,70.2,6,208,3,5
"Ventana Canyon Golf Club- Mountain Course",32.3149149,-110.8481439,"blue",72,136,70.2,7,416,4,1
"Ventana Canyon Golf Club- Mountain Course",32.3149149,-110.8481439,"blue",72,136,70.2,8,474,5,13
"Ventana Canyon Golf Club- Mountain Course",32.3149149,-110.8481439,"blue",72,136,70.2,9,364,4,7
"Ventana Canyon Golf Club- Mountain Course",32.3149149,-110.8481439,"blue",72,136,70.2,10,337,4,10
"Ventana Canyon Golf Club- Mountain Course",32.3149149,-110.8481439,"blue",72,136,70.2,11,406,4,8
"Ventana Canyon Golf Club- Mountain Course",32.3149149,-110.8481439,"blue",72,136,70.2,12,509,5,12
"Ventana Canyon Golf Club- Mountain Course",32.3149149,-110.8481439,"blue",72,136,70.2,13,281,4,16
"Ventana Canyon Golf Club- Mountain Course",32.3149149,-110.8481439,"blue",72,136,70.2,14,154,3,14
"Ventana Canyon Golf Club- Mountain Course",32.3149149,-110.8481439,"blue",72,136,70.2,15,413,4,2
"Ventana Canyon Golf Club- Mountain Course",32.3149149,-110.8481439,"blue",72,136,70.2,16,139,3,18
"Ventana Canyon Golf Club- Mountain Course",32.3149149,-110.8481439,"blue",72,136,70.2,17,374,4,4
"Ventana Canyon Golf Club- Mountain Course",32.3149149,-110.8481439,"blue",72,136,70.2,18,564,5,6
"Ventana Canyon Golf Club- Mountain Course",32.3149149,-110.8481439,"combo",72,132,68.8,1,353,4,9
"Ventana Canyon Golf Club- Mountain Course",32.3149149,-110.8481439,"combo",72,132,68.8,2,336,4,3
"Ventana Canyon Golf Club- Mountain Course",32.3149149,-110.8481439,"combo",72,132,68.8,3,104,3,17
"Ventana Canyon Golf Club- Mountain Course",32.3149149,-110.8481439,"combo",72,132,68.8,4,512,5,11
"Ventana Canyon Golf Club- Mountain Course",32.3149149,-110.8481439,"combo",72,132,68.8,5,332,4,15
"Ventana Canyon Golf Club- Mountain Course",32.3149149,-110.8481439,"combo",72,132,68.8,6,176,3,5
"Ventana Canyon Golf Club- Mountain Course",32.3149149,-110.8481439,"combo",72,132,68.8,7,370,4,1
"Ventana Canyon Golf Club- Mountain Course",32.3149149,-110.8481439,"combo",72,132,68.8,8,474,5,13
"Ventana Canyon Golf Club- Mountain Course",32.3149149,-110.8481439,"combo",72,132,68.8,9,364,4,7
"Ventana Canyon Golf Club- Mountain Course",32.3149149,-110.8481439,"combo",72,132,68.8,10,337,4,10
"Ventana Canyon Golf Club- Mountain Course",32.3149149,-110.8481439,"combo",72,132,68.8,11,377,4,8
"Ventana Canyon Golf Club- Mountain Course",32.3149149,-110.8481439,"combo",72,132,68.8,12,443,5,12
"Ventana Canyon Golf Club- Mountain Course",32.3149149,-110.8481439,"combo",72,132,68.8,13,281,4,16
"Ventana Canyon Golf Club- Mountain Course",32.3149149,-110.8481439,"combo",72,132,68.8,14,154,3,14
"Ventana Canyon Golf Club- Mountain Course",32.3149149,-110.8481439,"combo",72,132,68.8,15,335,4,2
"Ventana Canyon Golf Club- Mountain Course",32.3149149,-110.8481439,"combo",72,132,68.8,16,139,3,18
"Ventana Canyon Golf Club- Mountain Course",32.3149149,-110.8481439,"combo",72,132,68.8,17,349,4,4
"Ventana Canyon Golf Club- Mountain Course",32.3149149,-110.8481439,"combo",72,132,68.8,18,503,5,6
"Ventana Canyon Golf Club- Mountain Course",32.3149149,-110.8481439,"white",72,127,67.4,1,353,4,9
"Ventana Canyon Golf Club- Mountain Course",32.3149149,-110.8481439,"white",72,127,67.4,2,279,4,3
"Ventana Canyon Golf Club- Mountain Course",32.3149149,-110.8481439,"white",72,127,67.4,3,98,3,17
"Ventana Canyon Golf Club- Mountain Course",32.3149149,-110.8481439,"white",72,127,67.4,4,486,5,11
"Ventana Canyon Golf Club- Mountain Course",32.3149149,-110.8481439,"white",72,127,67.4,5,332,4,15
"Ventana Canyon Golf Club- Mountain Course",32.3149149,-110.8481439,"white",72,127,67.4,6,176,3,5
"Ventana Canyon Golf Club- Mountain Course",32.3149149,-110.8481439,"white",72,127,67.4,7,370,4,1
"Ventana Canyon Golf Club- Mountain Course",32.3149149,-110.8481439,"white",72,127,67.4,8,447,5,13
"Ventana Canyon Golf Club- Mountain Course",32.3149149,-110.8481439,"white",72,127,67.4,9,350,4,7
"Ventana Canyon Golf Club- Mountain Course",32.3149149,-110.8481439,"white",72,127,67.4,10,326,4,10
"Ventana Canyon Golf Club- Mountain Course",32.3149149,-110.8481439,"white",72,127,67.4,11,377,4,8
"Ventana Canyon Golf Club- Mountain Course",32.3149149,-110.8481439,"white",72,127,67.4,12,443,5,12
"Ventana Canyon Golf Club- Mountain Course",32.3149149,-110.8481439,"white",72,127,67.4,13,255,4,16
"Ventana Canyon Golf Club- Mountain Course",32.3149149,-110.8481439,"white",72,127,67.4,14,145,3,14
"Ventana Canyon Golf Club- Mountain Course",32.3149149,-110.8481439,"white",72,127,67.4,15,335,4,2
"Ventana Canyon Golf Club- Mountain Course",32.3149149,-110.8481439,"white",72,127,67.4,16,109,3,18
"Ventana Canyon Golf Club- Mountain Course",32.3149149,-110.8481439,"white",72,127,67.4,17,349,4,4
"Ventana Canyon Golf Club- Mountain Course",32.3149149,-110.8481439,"white",72,127,67.4,18,503,5,6
"Dell Urich",NA,NA,"combo",70,120,68.5,1,373,4,9
"Dell Urich",NA,NA,"combo",70,120,68.5,2,170,3,5
"Dell Urich",NA,NA,"combo",70,120,68.5,3,557,5,13
"Dell Urich",NA,NA,"combo",70,120,68.5,4,299,4,17
"Dell Urich",NA,NA,"combo",70,120,68.5,5,156,3,11
"Dell Urich",NA,NA,"combo",70,120,68.5,6,540,5,15
"Dell Urich",NA,NA,"combo",70,120,68.5,7,402,4,1
"Dell Urich",NA,NA,"combo",70,120,68.5,8,437,4,3
"Dell Urich",NA,NA,"combo",70,120,68.5,9,170,3,7
"Dell Urich",NA,NA,"combo",70,120,68.5,10,390,4,10
"Dell Urich",NA,NA,"combo",70,120,68.5,11,173,3,16
"Dell Urich",NA,NA,"combo",70,120,68.5,12,411,4,6
"Dell Urich",NA,NA,"combo",70,120,68.5,13,515,5,18
"Dell Urich",NA,NA,"combo",70,120,68.5,14,427,4,4
"Dell Urich",NA,NA,"combo",70,120,68.5,15,360,4,14
"Dell Urich",NA,NA,"combo",70,120,68.5,16,380,4,8
"Dell Urich",NA,NA,"combo",70,120,68.5,17,137,3,12
"Dell Urich",NA,NA,"combo",70,120,68.5,18,439,4,2
